,Date,Open,High,Low,Close,Adj Close,Volume
0,2016-01-04,5.9,5.9,5.9,5.9,5.386893,0.0
1,2016-01-05,5.9,5.9,5.9,5.9,5.386893,0.0
2,2016-01-06,5.9,5.9,5.9,5.9,5.386893,0.0
3,2016-01-07,5.9,5.9,5.9,5.9,5.386893,0.0
4,2016-01-08,5.9,5.9,5.9,5.9,5.386893,0.0
5,2016-01-11,5.9,5.9,5.9,5.9,5.386893,0.0
6,2016-01-12,5.9,5.9,5.9,5.9,5.386893,0.0
7,2016-01-13,5.9,5.9,5.9,5.9,5.386893,0.0
8,2016-01-14,5.9,5.9,5.9,5.9,5.386893,0.0
9,2016-01-15,5.9,5.9,5.9,5.9,5.386893,0.0
10,2016-01-18,5.9,5.9,5.9,5.9,5.386893,0.0
11,2016-01-19,5.9,5.9,5.9,5.9,5.386893,0.0
12,2016-01-20,5.9,5.9,5.9,5.9,5.386893,0.0
13,2016-01-21,5.9,5.9,5.9,5.9,5.386893,0.0
14,2016-01-22,5.9,5.9,5.9,5.9,5.386893,0.0
15,2016-01-26,5.9,5.9,5.9,5.9,5.386893,0.0
16,2016-01-27,5.9,5.9,5.9,5.9,5.386893,0.0
17,2016-01-28,5.9,5.9,5.9,5.9,5.386893,0.0
18,2016-01-29,5.9,5.9,5.9,5.9,5.386893,0.0
19,2016-02-01,5.9,5.9,5.9,5.9,5.386893,0.0
20,2016-02-02,5.9,5.9,5.9,5.9,5.386893,0.0
21,2016-02-03,5.9,5.9,5.9,5.9,5.386893,0.0
22,2016-02-04,5.9,5.9,5.9,5.9,5.386893,0.0
23,2016-02-05,5.9,5.9,5.9,5.9,5.386893,0.0
24,2016-02-10,5.9,5.9,5.9,5.9,5.386893,0.0
25,2016-02-11,5.9,5.9,5.9,5.9,5.386893,0.0
26,2016-02-12,5.9,5.9,5.9,5.9,5.386893,0.0
27,2016-02-15,5.9,5.9,5.9,5.9,5.386893,0.0
28,2016-02-16,5.9,5.9,5.9,5.9,5.386893,0.0
29,2016-02-17,5.9,5.9,5.9,5.9,5.386893,0.0
30,2016-02-18,5.9,5.9,5.9,5.9,5.386893,0.0
31,2016-02-19,5.9,5.9,5.9,5.9,5.386893,0.0
32,2016-02-22,5.9,5.9,5.9,5.9,5.386893,0.0
33,2016-02-23,5.9,5.9,5.9,5.9,5.386893,0.0
34,2016-02-24,5.9,5.9,5.9,5.9,5.386893,0.0
35,2016-02-25,5.9,5.9,5.9,5.9,5.386893,0.0
36,2016-02-26,5.9,5.9,5.9,5.9,5.386893,0.0
37,2016-02-29,5.9,5.9,5.9,5.9,5.386893,0.0
38,2016-03-01,5.9,5.9,5.9,5.9,5.386893,0.0
39,2016-03-02,5.9,5.9,5.9,5.9,5.386893,0.0
40,2016-03-03,5.9,5.9,5.9,5.9,5.386893,0.0
41,2016-03-04,5.9,5.9,5.9,5.9,5.386893,0.0
42,2016-03-07,5.9,5.9,5.9,5.9,5.386893,0.0
43,2016-03-08,5.9,5.9,5.9,5.9,5.386893,0.0
44,2016-03-09,5.9,5.9,5.9,5.9,5.386893,0.0
45,2016-03-10,5.9,5.9,5.9,5.9,5.386893,0.0
46,2016-03-11,5.9,5.9,5.9,5.9,5.386893,0.0
47,2016-03-14,5.9,5.9,5.9,5.9,5.386893,0.0
48,2016-03-15,5.9,5.9,5.9,5.9,5.386893,0.0
49,2016-03-16,5.9,5.9,5.9,5.9,5.386893,0.0
50,2016-03-17,5.9,5.9,5.9,5.9,5.386893,0.0
51,2016-03-18,5.9,5.9,5.9,5.9,5.386893,0.0
52,2016-03-21,5.9,5.9,5.9,5.9,5.386893,0.0
53,2016-03-22,5.9,5.9,5.9,5.9,5.386893,0.0
54,2016-03-23,5.9,5.9,5.9,5.9,5.386893,0.0
55,2016-03-24,5.9,5.9,5.9,5.9,5.386893,0.0
56,2016-03-28,5.9,5.9,5.9,5.9,5.386893,0.0
57,2016-03-29,5.9,5.9,5.9,5.9,5.386893,0.0
58,2016-03-30,5.9,5.9,5.9,5.9,5.386893,0.0
59,2016-03-31,5.9,5.9,5.9,5.9,5.386893,0.0
60,2016-04-01,5.9,5.9,5.9,5.9,5.386893,0.0
61,2016-04-04,5.9,5.9,5.9,5.9,5.386893,0.0
62,2016-04-05,5.9,5.9,5.9,5.9,5.386893,0.0
63,2016-04-06,5.9,5.9,5.9,5.9,5.386893,0.0
64,2016-04-07,5.9,5.9,5.9,5.9,5.386893,0.0
65,2016-04-08,5.9,5.9,5.9,5.9,5.386893,0.0
66,2016-04-11,5.9,5.9,5.9,5.9,5.386893,0.0
67,2016-04-12,5.9,5.9,5.9,5.9,5.386893,0.0
68,2016-04-13,5.9,5.9,5.9,5.9,5.386893,0.0
69,2016-04-14,5.9,5.9,5.9,5.9,5.386893,0.0
70,2016-04-15,5.9,5.9,5.9,5.9,5.386893,0.0
71,2016-04-18,5.9,5.9,5.9,5.9,5.386893,0.0
72,2016-04-19,5.9,5.9,5.9,5.9,5.386893,0.0
73,2016-04-20,5.9,5.9,5.9,5.9,5.386893,0.0
74,2016-04-22,5.9,5.9,5.9,5.9,5.386893,0.0
75,2016-04-25,5.9,5.9,5.9,5.9,5.386893,0.0
76,2016-04-26,5.9,5.9,5.9,5.9,5.386893,0.0
77,2016-04-27,5.9,5.9,5.9,5.9,5.386893,0.0
78,2016-04-28,5.9,5.9,5.9,5.9,5.386893,0.0
79,2016-04-29,5.9,5.9,5.9,5.9,5.386893,0.0
80,2016-05-02,5.9,5.9,5.9,5.9,5.386893,0.0
81,2016-05-03,5.9,5.9,5.9,5.9,5.386893,0.0
82,2016-05-04,5.9,5.9,5.9,5.9,5.386893,0.0
83,2016-05-05,5.9,5.9,5.9,5.9,5.386893,0.0
84,2016-05-06,5.9,5.9,5.9,5.9,5.386893,0.0
85,2016-05-09,5.9,5.9,5.9,5.9,5.386893,0.0
86,2016-05-10,5.9,5.9,5.9,5.9,5.386893,0.0
87,2016-05-11,5.9,5.9,5.9,5.9,5.386893,0.0
88,2016-05-12,5.9,5.9,5.9,5.9,5.386893,0.0
89,2016-05-13,5.9,5.9,5.9,5.9,5.386893,0.0
90,2016-05-16,5.9,5.9,5.9,5.9,5.386893,0.0
91,2016-05-17,5.9,5.9,5.9,5.9,5.386893,0.0
92,2016-05-18,5.9,5.9,5.9,5.9,5.386893,0.0
93,2016-05-19,5.9,5.9,5.9,5.9,5.386893,0.0
94,2016-05-20,5.9,5.9,5.9,5.9,5.386893,0.0
95,2016-05-23,5.9,5.9,5.9,5.9,5.386893,0.0
96,2016-05-24,5.9,5.9,5.9,5.9,5.386893,0.0
97,2016-05-25,5.9,5.9,5.9,5.9,5.386893,0.0
98,2016-05-27,5.9,5.9,5.9,5.9,5.386893,0.0
99,2016-05-30,5.9,5.9,5.9,5.9,5.386893,0.0
100,2016-05-31,5.9,5.9,5.9,5.9,5.386893,0.0
101,2016-06-01,5.9,5.9,5.9,5.9,5.386893,0.0
102,2016-06-02,5.9,5.9,5.9,5.9,5.386893,0.0
103,2016-06-03,5.9,5.9,5.9,5.9,5.386893,0.0
104,2016-06-06,5.9,5.9,5.9,5.9,5.386893,0.0
105,2016-06-07,5.9,5.9,5.9,5.9,5.386893,0.0
106,2016-06-08,5.9,5.9,5.9,5.9,5.386893,0.0
107,2016-06-09,5.9,5.9,5.9,5.9,5.386893,0.0
108,2016-06-10,5.9,5.9,5.9,5.9,5.386893,0.0
109,2016-06-13,5.9,5.9,5.9,5.9,5.386893,0.0
110,2016-06-14,5.9,5.9,5.9,5.9,5.386893,0.0
111,2016-06-15,5.9,5.9,5.9,5.9,5.386893,0.0
112,2016-06-16,5.9,5.9,5.9,5.9,5.386893,0.0
113,2016-06-17,5.9,5.9,5.9,5.9,5.386893,0.0
114,2016-06-20,5.9,5.9,5.9,5.9,5.386893,0.0
115,2016-06-21,5.9,5.9,5.9,5.9,5.386893,0.0
116,2016-06-22,5.9,5.9,5.9,5.9,5.386893,0.0
117,2016-06-23,5.9,5.9,5.9,5.9,5.386893,0.0
118,2016-06-24,5.9,5.9,5.9,5.9,5.386893,0.0
119,2016-06-27,5.9,5.9,5.9,5.9,5.386893,0.0
120,2016-06-28,5.9,5.9,5.9,5.9,5.386893,0.0
121,2016-06-29,5.9,5.9,5.9,5.9,5.386893,0.0
122,2016-06-30,5.9,5.9,5.9,5.9,5.386893,0.0
123,2016-07-01,5.9,5.9,5.9,5.9,5.386893,0.0
124,2016-07-04,5.9,5.9,5.9,5.9,5.386893,0.0
125,2016-07-05,5.9,5.9,5.9,5.9,5.386893,0.0
126,2016-07-06,5.9,5.9,5.9,5.9,5.386893,0.0
127,2016-07-07,5.9,5.9,5.9,5.9,5.386893,0.0
128,2016-07-08,5.9,5.9,5.9,5.9,5.386893,0.0
129,2016-07-11,5.9,5.9,5.9,5.9,5.386893,0.0
130,2016-07-12,5.9,5.9,5.9,5.9,5.386893,0.0
131,2016-07-13,5.9,5.9,5.9,5.9,5.386893,0.0
132,2016-07-14,5.9,5.9,5.9,5.9,5.386893,0.0
133,2016-07-15,5.9,5.9,5.9,5.9,5.386893,0.0
134,2016-07-18,5.9,5.9,5.9,5.9,5.386893,0.0
135,2016-07-19,5.9,5.9,5.9,5.9,5.386893,0.0
136,2016-07-20,5.9,5.9,5.9,5.9,5.386893,0.0
137,2016-07-21,5.9,5.9,5.9,5.9,5.386893,0.0
138,2016-07-22,5.9,5.9,5.9,5.9,5.386893,0.0
139,2016-07-25,5.9,5.9,5.9,5.9,5.386893,0.0
140,2016-07-26,5.9,5.9,5.9,5.9,5.386893,0.0
141,2016-07-27,5.9,5.9,5.9,5.9,5.386893,0.0
142,2016-07-28,5.9,5.9,5.9,5.9,5.386893,0.0
143,2016-07-29,5.9,5.9,5.9,5.9,5.386893,0.0
144,2016-08-01,5.9,5.9,5.9,5.9,5.386893,0.0
145,2016-08-02,5.9,5.9,5.9,5.9,5.386893,0.0
146,2016-08-03,5.9,5.9,5.9,5.9,5.386893,0.0
147,2016-08-04,5.9,5.9,5.9,5.9,5.386893,0.0
148,2016-08-05,5.9,5.9,5.9,5.9,5.386893,0.0
149,2016-08-08,5.9,5.9,5.9,5.9,5.386893,0.0
150,2016-08-09,5.9,5.9,5.9,5.9,5.386893,0.0
151,2016-08-10,5.9,5.9,5.9,5.9,5.386893,0.0
152,2016-08-11,5.9,5.9,5.9,5.9,5.386893,0.0
153,2016-08-12,5.9,5.9,5.9,5.9,5.386893,0.0
154,2016-08-15,5.9,5.9,5.9,5.9,5.386893,0.0
155,2016-08-16,5.9,5.9,5.9,5.9,5.386893,0.0
156,2016-08-17,5.9,5.9,5.9,5.9,5.386893,0.0
157,2016-08-18,5.9,5.9,5.9,5.9,5.386893,0.0
158,2016-08-19,5.9,5.9,5.9,5.9,5.386893,0.0
159,2016-08-22,5.9,5.9,5.9,5.9,5.386893,0.0
160,2016-08-23,5.9,5.9,5.9,5.9,5.386893,0.0
161,2016-08-24,5.9,5.9,5.9,5.9,5.386893,0.0
162,2016-08-25,5.9,5.9,5.9,5.9,5.386893,0.0
163,2016-08-26,5.9,5.9,5.9,5.9,5.386893,0.0
164,2016-08-29,5.9,5.9,5.9,5.9,5.386893,0.0
165,2016-08-30,5.9,5.9,5.9,5.9,5.386893,0.0
166,2016-08-31,5.9,5.9,5.9,5.9,5.386893,0.0
167,2016-09-01,5.9,5.9,5.9,5.9,5.386893,0.0
168,2016-09-02,5.9,5.9,5.9,5.9,5.386893,0.0
169,2016-09-05,5.9,5.9,5.9,5.9,5.386893,0.0
170,2016-09-06,5.9,5.9,5.9,5.9,5.386893,0.0
171,2016-09-08,5.9,5.9,5.9,5.9,5.386893,0.0
172,2016-09-09,5.9,5.9,5.9,5.9,5.386893,0.0
173,2016-09-12,5.9,5.9,5.9,5.9,5.386893,0.0
174,2016-09-13,5.9,5.9,5.9,5.9,5.386893,0.0
175,2016-09-14,5.9,5.9,5.9,5.9,5.386893,0.0
176,2016-09-15,5.9,5.9,5.9,5.9,5.386893,0.0
177,2016-09-16,5.9,5.9,5.9,5.9,5.386893,0.0
178,2016-09-19,5.9,5.9,5.9,5.9,5.386893,0.0
179,2016-09-20,5.9,5.9,5.9,5.9,5.386893,0.0
180,2016-09-21,5.9,5.9,5.9,5.9,5.386893,0.0
181,2016-09-22,5.9,5.9,5.9,5.9,5.386893,0.0
182,2016-09-23,5.9,5.9,5.9,5.9,5.386893,0.0
183,2016-09-26,6.2,6.2,6.2,6.2,5.660803,200.0
184,2016-09-27,6.2,6.2,6.2,6.2,5.660803,0.0
185,2016-09-28,6.2,6.2,6.2,6.2,5.660803,0.0
186,2016-09-29,6.2,6.2,6.2,6.2,5.660803,0.0
187,2016-09-30,6.2,6.2,6.2,6.2,5.660803,0.0
188,2016-10-03,6.2,6.2,6.2,6.2,5.660803,0.0
189,2016-10-04,6.2,6.2,6.2,6.2,5.660803,0.0
190,2016-10-05,6.2,6.2,6.2,6.2,5.660803,0.0
191,2016-10-06,6.2,6.2,6.2,6.2,5.660803,0.0
192,2016-10-07,6.2,6.2,6.2,6.2,5.660803,0.0
193,2016-10-10,6.2,6.2,6.2,6.2,5.660803,0.0
194,2016-10-11,6.2,6.2,6.2,6.2,5.660803,0.0
195,2016-10-13,6.2,6.2,6.2,6.2,5.660803,0.0
196,2016-10-14,6.2,6.2,6.2,6.2,5.660803,0.0
197,2016-10-17,6.2,6.2,6.2,6.2,5.660803,0.0
198,2016-10-18,6.2,6.2,6.2,6.2,5.660803,0.0
199,2016-10-19,6.2,6.2,6.2,6.2,5.660803,0.0
200,2016-10-20,6.2,6.2,6.2,6.2,5.660803,0.0
201,2016-10-21,6.2,6.2,6.2,6.2,5.660803,0.0
202,2016-10-24,6.2,6.2,6.2,6.2,5.660803,0.0
203,2016-10-25,6.2,6.2,6.2,6.2,5.660803,0.0
204,2016-10-26,6.2,6.2,6.2,6.2,5.660803,0.0
205,2016-10-27,6.2,6.2,6.2,6.2,5.660803,0.0
206,2016-10-28,6.2,6.2,6.2,6.2,5.660803,0.0
207,2016-10-31,6.2,6.2,6.2,6.2,5.660803,0.0
208,2016-11-01,6.2,6.2,6.2,6.2,5.660803,0.0
209,2016-11-03,6.2,6.2,6.2,6.2,5.660803,0.0
210,2016-11-04,6.2,6.2,6.2,6.2,5.777165,0.0
211,2016-11-07,6.2,6.2,6.2,6.2,5.777165,0.0
212,2016-11-08,6.2,6.2,6.2,6.2,5.777165,0.0
213,2016-11-09,6.2,6.2,6.2,6.2,5.777165,0.0
214,2016-11-10,6.2,6.2,6.2,6.2,5.777165,0.0
215,2016-11-11,6.2,6.2,6.2,6.2,5.777165,0.0
216,2016-11-14,6.2,6.2,6.2,6.2,5.777165,0.0
217,2016-11-16,6.2,6.2,6.2,6.2,5.777165,0.0
218,2016-11-17,6.2,6.2,6.2,6.2,5.777165,0.0
219,2016-11-18,6.2,6.2,6.2,6.2,5.777165,0.0
220,2016-11-21,6.2,6.2,6.2,6.2,5.777165,0.0
221,2016-11-22,6.2,6.2,6.2,6.2,5.777165,0.0
222,2016-11-23,6.2,6.2,6.2,6.2,5.777165,0.0
223,2016-11-24,6.2,6.2,6.2,6.2,5.777165,0.0
224,2016-11-25,6.2,6.2,6.2,6.2,5.777165,0.0
225,2016-11-28,6.2,6.2,6.2,6.2,5.777165,0.0
226,2016-11-29,6.2,6.2,6.2,6.2,5.777165,0.0
227,2016-11-30,6.2,6.2,6.2,6.2,5.777165,0.0
228,2016-12-01,6.2,6.2,6.2,6.2,5.777165,0.0
229,2016-12-02,6.2,6.2,6.2,6.2,5.777165,0.0
230,2016-12-05,6.2,6.2,6.2,6.2,5.777165,0.0
231,2016-12-06,6.2,6.2,6.2,6.2,5.777165,0.0
232,2016-12-07,6.2,6.2,6.2,6.2,5.777165,0.0
233,2016-12-08,6.2,6.2,6.2,6.2,5.777165,0.0
234,2016-12-09,6.2,6.2,6.2,6.2,5.777165,0.0
235,2016-12-12,6.2,6.2,6.2,6.2,5.777165,0.0
236,2016-12-13,6.2,6.2,6.2,6.2,5.777165,0.0
237,2016-12-14,6.2,6.2,6.2,6.2,5.777165,0.0
238,2016-12-15,6.2,6.2,6.2,6.2,5.777165,0.0
239,2016-12-16,6.2,6.2,6.2,6.2,5.777165,0.0
240,2016-12-19,6.2,6.2,6.2,6.2,5.777165,0.0
241,2016-12-20,6.2,6.2,6.2,6.2,5.777165,0.0
242,2016-12-21,6.2,6.2,6.2,6.2,5.777165,0.0
243,2016-12-22,6.2,6.2,6.2,6.2,5.777165,0.0
244,2016-12-23,6.2,6.2,6.2,6.2,5.777165,0.0
245,2016-12-26,6.2,6.2,6.2,6.2,5.777165,0.0
246,2016-12-27,6.2,6.2,6.2,6.2,5.777165,0.0
247,2016-12-28,6.2,6.2,6.2,6.2,5.777165,0.0
248,2016-12-29,6.2,6.2,6.2,6.2,5.777165,0.0
249,2017-01-02,6.2,6.2,6.2,6.2,5.777165,0.0
250,2017-01-03,6.2,6.2,6.2,6.2,5.777165,0.0
251,2017-01-04,6.2,6.2,6.2,6.2,5.777165,0.0
252,2017-01-05,6.2,6.2,6.2,6.2,5.777165,0.0
253,2017-01-06,6.2,6.2,6.2,6.2,5.777165,0.0
254,2017-01-09,6.2,6.2,6.2,6.2,5.777165,0.0
255,2017-01-10,6.2,6.2,6.2,6.2,5.777165,0.0
256,2017-01-11,6.2,6.2,6.2,6.2,5.777165,0.0
257,2017-01-12,6.2,6.2,6.2,6.2,5.777165,0.0
258,2017-01-13,6.2,6.2,6.2,6.2,5.777165,0.0
259,2017-01-16,6.2,6.2,6.2,6.2,5.777165,0.0
260,2017-01-17,6.2,6.2,6.2,6.2,5.777165,0.0
261,2017-01-18,6.2,6.2,6.2,6.2,5.777165,0.0
262,2017-01-19,6.2,6.2,6.2,6.2,5.777165,0.0
263,2017-01-20,6.2,6.2,6.2,6.2,5.777165,0.0
264,2017-01-23,6.2,6.2,6.2,6.2,5.777165,0.0
265,2017-01-24,6.2,6.2,6.2,6.2,5.777165,0.0
266,2017-01-26,6.21,6.21,6.21,6.21,5.786484,200.0
267,2017-01-27,8.0,8.0,7.99,8.0,7.454407,3400.0
268,2017-01-30,7.9,8.0,7.9,8.0,7.454407,200.0
269,2017-01-31,8.0,8.0,8.0,8.0,7.454407,0.0
270,2017-02-01,8.0,8.0,8.0,8.0,7.454407,0.0
271,2017-02-02,8.0,8.0,8.0,8.0,7.454407,0.0
272,2017-02-03,8.0,8.0,8.0,8.0,7.454407,0.0
273,2017-02-06,5.76,5.76,5.76,5.76,5.367174,100.0
274,2017-02-07,5.81,5.81,5.81,5.81,5.413764,1000.0
275,2017-02-08,5.81,5.81,5.81,5.81,5.413764,0.0
276,2017-02-09,5.81,5.81,5.81,5.81,5.413764,0.0
277,2017-02-10,5.81,5.81,5.81,5.81,5.413764,0.0
278,2017-02-13,5.81,5.81,5.81,5.81,5.413764,0.0
279,2017-02-14,5.7,5.7,5.7,5.7,5.311265,100.0
280,2017-02-15,5.7,5.7,5.7,5.7,5.311265,0.0
281,2017-02-16,5.7,5.7,5.7,5.7,5.311265,0.0
282,2017-02-17,5.7,5.7,5.7,5.7,5.311265,0.0
283,2017-02-20,5.7,5.7,5.7,5.7,5.311265,0.0
284,2017-02-21,5.7,5.7,5.7,5.7,5.311265,0.0
285,2017-02-22,5.7,5.7,5.7,5.7,5.311265,0.0
286,2017-02-23,5.7,5.7,5.7,5.7,5.311265,0.0
287,2017-02-24,5.7,5.7,5.7,5.7,5.311265,0.0
288,2017-03-01,5.7,5.7,5.7,5.7,5.311265,0.0
289,2017-03-02,5.7,5.7,5.7,5.7,5.311265,0.0
290,2017-03-03,5.7,5.7,5.7,5.7,5.311265,0.0
291,2017-03-06,5.7,5.7,5.7,5.7,5.311265,0.0
292,2017-03-07,5.7,5.7,5.7,5.7,5.311265,0.0
293,2017-03-08,5.7,5.7,5.7,5.7,5.311265,0.0
294,2017-03-09,5.7,5.7,5.7,5.7,5.311265,0.0
295,2017-03-10,5.7,5.7,5.7,5.7,5.311265,0.0
296,2017-03-13,5.7,5.7,5.7,5.7,5.311265,0.0
297,2017-03-14,5.7,5.7,5.7,5.7,5.311265,0.0
298,2017-03-15,5.7,5.7,5.7,5.7,5.311265,0.0
299,2017-03-16,5.7,5.7,5.7,5.7,5.311265,300.0
300,2017-03-17,5.7,5.7,5.7,5.7,5.311265,0.0
301,2017-03-20,5.7,5.7,5.7,5.7,5.311265,0.0
302,2017-03-21,5.7,5.7,5.7,5.7,5.311265,0.0
303,2017-03-22,5.7,5.7,5.7,5.7,5.311265,0.0
304,2017-03-23,5.7,5.7,5.7,5.7,5.311265,0.0
305,2017-03-24,5.7,5.7,5.7,5.7,5.311265,0.0
306,2017-03-27,5.7,5.7,5.7,5.7,5.311265,0.0
307,2017-03-28,5.7,5.7,5.7,5.7,5.311265,0.0
308,2017-03-29,5.7,5.7,5.7,5.7,5.311265,0.0
309,2017-03-30,5.7,5.7,5.7,5.7,5.311265,0.0
310,2017-03-31,5.7,5.7,5.7,5.7,5.311265,0.0
311,2017-04-03,5.7,5.7,5.7,5.7,5.311265,0.0
312,2017-04-04,5.7,5.7,5.7,5.7,5.311265,0.0
313,2017-04-05,5.7,5.7,5.7,5.7,5.311265,0.0
314,2017-04-06,5.7,5.7,5.7,5.7,5.311265,0.0
315,2017-04-07,5.7,5.7,5.7,5.7,5.311265,0.0
316,2017-04-10,5.7,5.7,5.7,5.7,5.311265,0.0
317,2017-04-11,5.7,5.7,5.7,5.7,5.311265,0.0
318,2017-04-12,5.7,5.7,5.7,5.7,5.311265,0.0
319,2017-04-13,5.7,5.7,5.7,5.7,5.311265,0.0
320,2017-04-17,5.7,5.7,5.7,5.7,5.311265,0.0
321,2017-04-18,5.7,5.7,5.7,5.7,5.311265,0.0
322,2017-04-19,5.7,5.7,5.7,5.7,5.311265,0.0
323,2017-04-20,5.7,5.7,5.7,5.7,5.311265,0.0
324,2017-04-24,5.7,5.7,5.7,5.7,5.311265,0.0
325,2017-04-25,5.7,5.7,5.7,5.7,5.311265,0.0
326,2017-04-26,5.7,5.7,5.7,5.7,5.311265,0.0
327,2017-04-27,5.7,5.7,5.7,5.7,5.311265,0.0
328,2017-04-28,5.7,5.7,5.7,5.7,5.311265,0.0
329,2017-05-02,5.7,5.7,5.7,5.7,5.311265,300.0
330,2017-05-03,5.7,5.7,5.7,5.7,5.311265,0.0
331,2017-05-04,5.7,5.7,5.7,5.7,5.311265,0.0
332,2017-05-05,5.7,5.7,5.7,5.7,5.311265,0.0
333,2017-05-08,5.7,5.7,5.7,5.7,5.311265,0.0
334,2017-05-09,5.7,5.7,5.7,5.7,5.311265,0.0
335,2017-05-10,5.7,5.7,5.7,5.7,5.311265,0.0
336,2017-05-11,5.7,5.7,5.7,5.7,5.311265,0.0
337,2017-05-12,5.7,5.7,5.7,5.7,5.311265,0.0
338,2017-05-15,5.7,5.7,5.7,5.7,5.311265,0.0
339,2017-05-16,5.7,5.7,5.7,5.7,5.311265,0.0
340,2017-05-17,6.54,6.54,6.54,6.54,6.093978,100.0
341,2017-05-18,6.54,6.54,6.54,6.54,6.093978,0.0
342,2017-05-19,6.54,6.54,6.54,6.54,6.093978,0.0
343,2017-05-22,6.54,6.54,6.54,6.54,6.093978,0.0
344,2017-05-23,6.54,6.54,6.54,6.54,6.093978,0.0
345,2017-05-24,6.54,6.54,6.54,6.54,6.093978,0.0
346,2017-05-25,6.54,6.54,6.54,6.54,6.093978,0.0
347,2017-05-26,6.54,6.54,6.54,6.54,6.093978,0.0
348,2017-05-29,6.54,6.54,6.54,6.54,6.093978,0.0
349,2017-05-30,6.54,6.54,6.54,6.54,6.093978,0.0
350,2017-05-31,6.54,6.54,6.54,6.54,6.093978,0.0
351,2017-06-01,6.54,6.54,6.54,6.54,6.093978,0.0
352,2017-06-02,6.54,6.54,6.54,6.54,6.093978,0.0
353,2017-06-05,6.54,6.54,6.54,6.54,6.093978,0.0
354,2017-06-06,6.54,6.54,6.54,6.54,6.093978,0.0
355,2017-06-07,6.54,6.54,6.54,6.54,6.093978,0.0
356,2017-06-08,6.54,6.54,6.54,6.54,6.093978,0.0
357,2017-06-09,6.54,6.54,6.54,6.54,6.093978,0.0
358,2017-06-12,6.54,6.54,6.54,6.54,6.093978,0.0
359,2017-06-13,6.54,6.54,6.54,6.54,6.093978,0.0
360,2017-06-14,6.54,6.54,6.54,6.54,6.093978,0.0
361,2017-06-15,6.54,6.54,6.54,6.54,6.093978,0.0
362,2017-06-16,6.54,6.54,6.54,6.54,6.093978,0.0
363,2017-06-19,6.54,6.54,6.54,6.54,6.093978,0.0
364,2017-06-20,6.54,6.54,6.54,6.54,6.093978,0.0
365,2017-06-21,6.54,6.54,6.54,6.54,6.093978,0.0
366,2017-06-22,6.54,6.54,6.54,6.54,6.093978,0.0
367,2017-06-23,6.54,6.54,6.54,6.54,6.093978,0.0
368,2017-06-26,6.54,6.54,6.54,6.54,6.093978,0.0
369,2017-06-27,6.54,6.54,6.54,6.54,6.093978,0.0
370,2017-06-28,6.54,6.54,6.54,6.54,6.093978,0.0
371,2017-06-29,6.54,6.54,6.54,6.54,6.093978,0.0
372,2017-06-30,6.54,6.54,6.54,6.54,6.093978,0.0
373,2017-07-03,6.54,6.54,6.54,6.54,6.093978,0.0
374,2017-07-04,6.54,6.54,6.54,6.54,6.093978,0.0
375,2017-07-05,6.54,6.54,6.54,6.54,6.093978,0.0
376,2017-07-06,6.54,6.54,6.54,6.54,6.093978,0.0
377,2017-07-07,6.54,6.54,6.54,6.54,6.093978,0.0
378,2017-07-10,6.54,6.54,6.54,6.54,6.093978,0.0
379,2017-07-11,6.54,6.54,6.54,6.54,6.093978,0.0
380,2017-07-12,5.77,5.77,5.77,5.77,5.376492,3000.0
381,2017-07-13,5.77,5.77,5.77,5.77,5.376492,0.0
382,2017-07-14,5.77,5.77,5.77,5.77,5.376492,0.0
383,2017-07-17,5.77,5.77,5.77,5.77,5.376492,0.0
384,2017-07-18,5.77,5.77,5.77,5.77,5.376492,0.0
385,2017-07-19,5.77,5.77,5.77,5.77,5.376492,0.0
386,2017-07-20,5.77,5.77,5.77,5.77,5.376492,0.0
387,2017-07-21,5.77,5.77,5.77,5.77,5.376492,0.0
388,2017-07-24,5.77,5.77,5.77,5.77,5.376492,0.0
389,2017-07-25,5.77,5.77,5.77,5.77,5.376492,0.0
390,2017-07-26,5.77,5.77,5.77,5.77,5.376492,0.0
391,2017-07-27,5.77,5.77,5.77,5.77,5.376492,0.0
392,2017-07-28,5.77,5.77,5.77,5.77,5.376492,0.0
393,2017-07-31,5.77,5.77,5.77,5.77,5.376492,0.0
394,2017-08-01,5.77,5.77,5.77,5.77,5.376492,0.0
395,2017-08-02,5.77,5.77,5.77,5.77,5.376492,0.0
396,2017-08-03,5.77,5.77,5.77,5.77,5.376492,0.0
397,2017-08-04,5.77,5.77,5.77,5.77,5.376492,0.0
398,2017-08-07,5.77,5.77,5.77,5.77,5.376492,0.0
399,2017-08-08,5.77,5.77,5.77,5.77,5.376492,0.0
400,2017-08-09,5.77,5.77,5.77,5.77,5.376492,0.0
401,2017-08-10,5.77,5.77,5.77,5.77,5.376492,0.0
402,2017-08-11,5.77,5.77,5.77,5.77,5.376492,0.0
403,2017-08-14,5.77,5.77,5.77,5.77,5.376492,0.0
404,2017-08-15,5.77,5.77,5.77,5.77,5.376492,0.0
405,2017-08-16,5.77,5.77,5.77,5.77,5.376492,0.0
406,2017-08-17,5.77,5.77,5.77,5.77,5.376492,0.0
407,2017-08-18,5.77,5.77,5.77,5.77,5.376492,0.0
408,2017-08-21,5.77,5.77,5.77,5.77,5.376492,0.0
409,2017-08-22,5.77,5.77,5.77,5.77,5.376492,0.0
410,2017-08-23,5.77,5.77,5.77,5.77,5.376492,0.0
411,2017-08-24,5.77,5.77,5.77,5.77,5.376492,0.0
412,2017-08-25,5.77,5.77,5.77,5.77,5.376492,0.0
413,2017-08-28,5.77,5.77,5.77,5.77,5.376492,0.0
414,2017-08-29,5.77,5.77,5.77,5.77,5.376492,0.0
415,2017-08-30,5.77,5.77,5.77,5.77,5.376492,0.0
416,2017-08-31,5.77,5.77,5.77,5.77,5.376492,0.0
417,2017-09-01,5.77,5.77,5.77,5.77,5.376492,0.0
418,2017-09-04,5.77,5.77,5.77,5.77,5.376492,0.0
419,2017-09-05,5.77,5.77,5.77,5.77,5.376492,0.0
420,2017-09-06,8.0,8.0,8.0,8.0,7.454407,200.0
421,2017-09-07,8.0,8.0,8.0,8.0,7.454407,0.0
422,2017-09-08,8.0,8.0,8.0,8.0,7.454407,0.0
423,2017-09-11,8.0,8.0,8.0,8.0,7.454407,0.0
424,2017-09-12,8.0,8.0,8.0,8.0,7.454407,0.0
425,2017-09-13,8.0,8.0,8.0,8.0,7.454407,0.0
426,2017-09-14,8.0,8.0,8.0,8.0,7.454407,0.0
427,2017-09-15,8.0,8.0,8.0,8.0,7.454407,0.0
428,2017-09-18,8.0,8.0,8.0,8.0,7.454407,0.0
429,2017-09-19,8.0,8.0,8.0,8.0,7.454407,0.0
430,2017-09-20,8.0,8.0,8.0,8.0,7.454407,0.0
431,2017-09-21,8.0,8.0,8.0,8.0,7.454407,0.0
432,2017-09-22,8.0,8.0,8.0,8.0,7.454407,0.0
433,2017-09-25,8.0,8.0,8.0,8.0,7.454407,0.0
434,2017-09-26,8.0,8.0,8.0,8.0,7.454407,0.0
435,2017-09-27,7.99,7.99,7.99,7.99,7.445089,100.0
436,2017-09-28,7.99,7.99,7.99,7.99,7.445089,0.0
437,2017-09-29,7.99,7.99,7.99,7.99,7.445089,0.0
438,2017-10-02,7.99,7.99,7.99,7.99,7.445089,0.0
439,2017-10-03,7.99,7.99,7.99,7.99,7.445089,0.0
440,2017-10-04,7.99,7.99,7.99,7.99,7.445089,0.0
441,2017-10-05,7.99,7.99,7.99,7.99,7.445089,0.0
442,2017-10-06,7.99,7.99,7.99,7.99,7.445089,0.0
443,2017-10-09,7.99,7.99,7.99,7.99,7.445089,0.0
444,2017-10-10,7.99,7.99,7.99,7.99,7.445089,0.0
445,2017-10-11,7.99,7.99,7.99,7.99,7.445089,0.0
446,2017-10-12,7.99,7.99,7.99,7.99,7.445089,0.0
447,2017-10-13,7.99,7.99,7.99,7.99,7.445089,0.0
448,2017-10-16,7.99,7.99,7.99,7.99,7.445089,0.0
449,2017-10-17,7.99,7.99,7.99,7.99,7.445089,0.0
450,2017-10-18,7.99,7.99,7.99,7.99,7.445089,0.0
451,2017-10-19,7.99,7.99,7.99,7.99,7.445089,0.0
452,2017-10-20,7.99,7.99,7.99,7.99,7.445089,0.0
453,2017-10-23,7.99,7.99,7.99,7.99,7.445089,0.0
454,2017-10-24,7.99,7.99,7.99,7.99,7.445089,0.0
455,2017-10-25,7.99,7.99,7.99,7.99,7.445089,0.0
456,2017-10-26,7.99,7.99,7.99,7.99,7.445089,0.0
457,2017-10-27,7.99,7.99,7.99,7.99,7.445089,0.0
458,2017-10-30,7.99,7.99,7.99,7.99,7.445089,0.0
459,2017-10-31,7.99,7.99,7.99,7.99,7.445089,0.0
460,2017-11-01,7.99,7.99,7.99,7.99,7.445089,0.0
461,2017-11-02,7.99,7.99,7.99,7.99,7.445089,0.0
462,2017-11-03,7.99,7.99,7.99,7.99,7.5633,0.0
463,2017-11-06,7.99,7.99,7.99,7.99,7.5633,0.0
464,2017-11-07,7.99,7.99,7.99,7.99,7.5633,0.0
465,2017-11-08,7.99,7.99,7.99,7.99,7.5633,0.0
466,2017-11-09,7.99,7.99,7.99,7.99,7.5633,0.0
467,2017-11-10,7.99,7.99,7.99,7.99,7.5633,0.0
468,2017-11-13,7.99,7.99,7.99,7.99,7.5633,0.0
469,2017-11-14,7.99,7.99,7.99,7.99,7.5633,0.0
470,2017-11-15,7.99,7.99,7.99,7.99,7.5633,0.0
471,2017-11-16,7.99,7.99,7.99,7.99,7.5633,0.0
472,2017-11-17,7.99,7.99,7.99,7.99,7.5633,0.0
473,2017-11-20,7.99,7.99,7.99,7.99,7.5633,0.0
474,2017-11-21,7.99,7.99,7.99,7.99,7.5633,0.0
475,2017-11-22,7.99,7.99,7.99,7.99,7.5633,0.0
476,2017-11-23,7.99,7.99,7.99,7.99,7.5633,0.0
477,2017-11-24,7.99,7.99,7.99,7.99,7.5633,0.0
478,2017-11-27,7.99,7.99,7.99,7.99,7.5633,0.0
479,2017-11-28,7.99,7.99,7.99,7.99,7.5633,0.0
480,2017-11-29,7.99,7.99,7.99,7.99,7.5633,0.0
481,2017-11-30,7.99,7.99,7.99,7.99,7.5633,0.0
482,2017-12-01,7.99,7.99,7.99,7.99,7.5633,0.0
483,2017-12-04,7.99,7.99,7.99,7.99,7.5633,0.0
484,2017-12-05,7.99,7.99,7.99,7.99,7.5633,0.0
485,2017-12-06,7.99,7.99,7.99,7.99,7.5633,0.0
486,2017-12-07,7.99,7.99,7.99,7.99,7.5633,0.0
487,2017-12-08,7.99,7.99,7.99,7.99,7.5633,0.0
488,2017-12-11,7.99,7.99,7.99,7.99,7.5633,0.0
489,2017-12-12,7.99,7.99,7.99,7.99,7.5633,0.0
490,2017-12-13,7.99,7.99,7.99,7.99,7.5633,0.0
491,2017-12-14,7.99,7.99,7.99,7.99,7.5633,0.0
492,2017-12-15,7.99,7.99,7.99,7.99,7.5633,0.0
493,2017-12-18,7.99,7.99,7.99,7.99,7.5633,0.0
494,2017-12-19,7.99,7.99,7.99,7.99,7.5633,0.0
495,2017-12-20,7.99,7.99,7.99,7.99,7.5633,0.0
496,2017-12-21,7.99,7.99,7.99,7.99,7.5633,0.0
497,2017-12-22,7.99,7.99,7.99,7.99,7.5633,0.0
498,2017-12-25,7.99,7.99,7.99,7.99,7.5633,0.0
499,2017-12-26,7.99,7.99,7.99,7.99,7.5633,0.0
500,2017-12-27,7.99,7.99,7.99,7.99,7.5633,0.0
501,2017-12-28,7.99,7.99,7.99,7.99,7.5633,0.0
502,2017-12-29,7.99,7.99,7.99,7.99,7.5633,0.0
503,2018-01-02,7.99,7.99,7.99,7.99,7.5633,0.0
504,2018-01-03,7.99,7.99,7.99,7.99,7.5633,0.0
505,2018-01-04,7.99,7.99,7.99,7.99,7.5633,0.0
506,2018-01-05,7.99,7.99,7.99,7.99,7.5633,0.0
507,2018-01-08,7.99,7.99,7.99,7.99,7.5633,0.0
508,2018-01-09,7.99,7.99,7.99,7.99,7.5633,0.0
509,2018-01-10,7.99,7.99,7.99,7.99,7.5633,0.0
510,2018-01-11,7.99,7.99,7.99,7.99,7.5633,0.0
511,2018-01-12,7.99,7.99,7.99,7.99,7.5633,0.0
512,2018-01-15,7.99,7.99,7.99,7.99,7.5633,0.0
513,2018-01-16,7.99,7.99,7.99,7.99,7.5633,0.0
514,2018-01-17,7.99,7.99,7.99,7.99,7.5633,0.0
515,2018-01-18,7.99,7.99,7.99,7.99,7.5633,0.0
516,2018-01-19,7.99,7.99,7.99,7.99,7.5633,0.0
517,2018-01-22,7.99,7.99,7.99,7.99,7.5633,0.0
518,2018-01-23,7.99,7.99,7.99,7.99,7.5633,0.0
519,2018-01-24,7.99,7.99,7.99,7.99,7.5633,0.0
520,2018-01-25,7.99,7.99,7.99,7.99,7.5633,0.0
521,2018-01-26,7.99,7.99,7.99,7.99,7.5633,0.0
522,2018-01-29,7.99,7.99,7.99,7.99,7.5633,0.0
523,2018-01-30,7.99,7.99,7.99,7.99,7.5633,0.0
524,2018-01-31,7.99,7.99,7.99,7.99,7.5633,0.0
525,2018-02-01,7.99,7.99,7.99,7.99,7.5633,0.0
526,2018-02-02,7.99,7.99,7.99,7.99,7.5633,0.0
527,2018-02-05,7.99,7.99,7.99,7.99,7.5633,0.0
528,2018-02-06,7.99,7.99,7.99,7.99,7.5633,0.0
529,2018-02-07,7.99,7.99,7.99,7.99,7.5633,0.0
530,2018-02-08,7.99,7.99,7.99,7.99,7.5633,0.0
531,2018-02-09,7.99,7.99,7.99,7.99,7.5633,0.0
532,2018-02-14,,,,,,
533,2018-02-15,7.99,7.99,7.99,7.99,7.5633,0.0
534,2018-02-16,7.99,7.99,7.99,7.99,7.5633,0.0
535,2018-02-19,7.99,7.99,7.99,7.99,7.5633,0.0
536,2018-02-20,7.99,7.99,7.99,7.99,7.5633,0.0
537,2018-02-21,7.99,7.99,7.99,7.99,7.5633,0.0
538,2018-02-22,7.99,7.99,7.99,7.99,7.5633,0.0
539,2018-02-23,7.99,7.99,7.99,7.99,7.5633,0.0
540,2018-02-26,7.99,7.99,7.99,7.99,7.5633,0.0
541,2018-02-27,7.99,7.99,7.99,7.99,7.5633,0.0
542,2018-02-28,7.99,7.99,7.99,7.99,7.5633,0.0
543,2018-03-01,7.99,7.99,7.99,7.99,7.5633,0.0
544,2018-03-02,7.02,7.02,7.02,7.02,6.645102,100.0
545,2018-03-05,7.02,7.02,7.02,7.02,6.645102,0.0
546,2018-03-06,7.02,7.02,7.02,7.02,6.645102,0.0
547,2018-03-07,7.02,7.02,7.02,7.02,6.645102,0.0
548,2018-03-08,7.02,7.02,7.02,7.02,6.645102,0.0
549,2018-03-09,7.02,7.02,7.02,7.02,6.645102,0.0
550,2018-03-12,7.02,7.02,7.02,7.02,6.645102,0.0
551,2018-03-13,7.02,7.02,7.02,7.02,6.645102,0.0
552,2018-03-14,7.02,7.02,7.02,7.02,6.645102,0.0
553,2018-03-15,7.02,7.02,7.02,7.02,6.645102,0.0
554,2018-03-16,7.02,7.02,7.02,7.02,6.645102,0.0
555,2018-03-19,7.02,7.02,7.02,7.02,6.645102,0.0
556,2018-03-20,7.02,7.02,7.02,7.02,6.645102,0.0
557,2018-03-21,7.02,7.02,7.02,7.02,6.645102,0.0
558,2018-03-22,7.02,7.02,7.02,7.02,6.645102,0.0
559,2018-03-23,7.02,7.02,7.02,7.02,6.645102,0.0
560,2018-03-26,7.02,7.02,7.02,7.02,6.645102,0.0
561,2018-03-27,7.02,7.02,7.02,7.02,6.645102,0.0
562,2018-03-28,7.02,7.02,7.02,7.02,6.645102,0.0
563,2018-03-29,7.02,7.02,7.02,7.02,6.645102,0.0
564,2018-04-02,7.02,7.02,7.02,7.02,6.645102,0.0
565,2018-04-03,7.02,7.02,7.02,7.02,6.645102,0.0
566,2018-04-04,7.02,7.02,7.02,7.02,6.645102,0.0
567,2018-04-05,7.02,7.02,7.02,7.02,6.645102,0.0
568,2018-04-06,7.02,7.02,7.02,7.02,6.645102,0.0
569,2018-04-09,7.02,7.02,7.02,7.02,6.645102,0.0
570,2018-04-10,7.02,7.02,7.02,7.02,6.645102,0.0
571,2018-04-11,7.02,7.02,7.02,7.02,6.645102,0.0
572,2018-04-12,7.02,7.02,7.02,7.02,6.645102,0.0
573,2018-04-13,7.02,7.02,7.02,7.02,6.645102,0.0
574,2018-04-16,7.02,7.02,7.02,7.02,6.645102,0.0
575,2018-04-17,7.02,7.02,7.02,7.02,6.645102,0.0
576,2018-04-18,7.02,7.02,7.02,7.02,6.645102,0.0
577,2018-04-19,7.02,7.02,7.02,7.02,6.645102,0.0
578,2018-04-20,7.02,7.02,7.02,7.02,6.645102,0.0
579,2018-04-23,7.02,7.02,7.02,7.02,6.645102,0.0
580,2018-04-24,7.02,7.02,7.02,7.02,6.645102,0.0
581,2018-04-25,7.02,7.02,7.02,7.02,6.645102,0.0
582,2018-04-26,7.02,7.02,7.02,7.02,6.645102,0.0
583,2018-04-27,7.02,7.02,7.02,7.02,6.645102,0.0
584,2018-04-30,7.0,7.0,7.0,7.0,6.62617,500.0
585,2018-05-02,7.0,7.0,7.0,7.0,6.62617,0.0
586,2018-05-03,7.0,7.0,7.0,7.0,6.62617,0.0
587,2018-05-04,7.0,7.0,7.0,7.0,6.62617,0.0
588,2018-05-07,7.0,7.0,7.0,7.0,6.62617,0.0
589,2018-05-08,7.0,7.0,7.0,7.0,6.62617,0.0
590,2018-05-09,7.0,7.0,7.0,7.0,6.62617,0.0
591,2018-05-10,7.0,7.0,7.0,7.0,6.62617,0.0
592,2018-05-11,7.0,7.0,7.0,7.0,6.62617,0.0
593,2018-05-14,7.0,7.0,7.0,7.0,6.62617,0.0
594,2018-05-15,7.0,7.0,7.0,7.0,6.62617,0.0
595,2018-05-16,7.0,7.0,7.0,7.0,6.62617,0.0
596,2018-05-17,7.0,7.0,7.0,7.0,6.62617,0.0
597,2018-05-18,7.0,7.0,7.0,7.0,6.62617,0.0
598,2018-05-21,7.0,7.0,7.0,7.0,6.62617,0.0
599,2018-05-22,7.0,7.0,7.0,7.0,6.62617,0.0
600,2018-05-23,7.0,7.0,7.0,7.0,6.62617,0.0
601,2018-05-24,7.0,7.0,7.0,7.0,6.62617,0.0
602,2018-05-25,7.0,7.0,7.0,7.0,6.62617,0.0
603,2018-05-28,7.0,7.0,7.0,7.0,6.62617,0.0
604,2018-05-29,7.0,7.0,7.0,7.0,6.62617,0.0
605,2018-05-30,7.0,7.0,7.0,7.0,6.62617,0.0
606,2018-06-01,7.0,7.0,7.0,7.0,6.62617,0.0
607,2018-06-04,7.0,7.0,7.0,7.0,6.62617,0.0
608,2018-06-05,7.0,7.0,7.0,7.0,6.62617,0.0
609,2018-06-06,7.0,7.0,7.0,7.0,6.62617,0.0
610,2018-06-07,7.0,7.0,7.0,7.0,6.62617,0.0
611,2018-06-08,7.0,7.0,7.0,7.0,6.62617,0.0
612,2018-06-11,7.0,7.0,7.0,7.0,6.62617,0.0
613,2018-06-12,7.0,7.0,7.0,7.0,6.62617,0.0
614,2018-06-13,7.0,7.0,7.0,7.0,6.62617,0.0
615,2018-06-14,7.0,7.0,7.0,7.0,6.62617,0.0
616,2018-06-15,7.0,7.0,7.0,7.0,6.62617,0.0
617,2018-06-18,7.0,7.0,7.0,7.0,6.62617,0.0
618,2018-06-19,7.0,7.0,7.0,7.0,6.62617,0.0
619,2018-06-20,7.0,7.0,7.0,7.0,6.62617,0.0
620,2018-06-21,7.0,7.0,7.0,7.0,6.62617,0.0
621,2018-06-22,7.0,7.0,7.0,7.0,6.62617,0.0
622,2018-06-25,7.0,7.0,7.0,7.0,6.62617,0.0
623,2018-06-26,7.0,7.0,7.0,7.0,6.62617,0.0
624,2018-06-27,7.0,7.0,7.0,7.0,6.62617,0.0
625,2018-06-28,7.0,7.0,7.0,7.0,6.62617,0.0
626,2018-06-29,7.0,7.0,7.0,7.0,6.62617,0.0
627,2018-07-02,7.0,7.0,7.0,7.0,6.62617,0.0
628,2018-07-03,7.0,7.0,7.0,7.0,6.62617,0.0
629,2018-07-04,7.0,7.0,7.0,7.0,6.62617,0.0
630,2018-07-05,7.0,7.0,7.0,7.0,6.62617,0.0
631,2018-07-06,7.0,7.0,7.0,7.0,6.62617,0.0
632,2018-07-10,7.0,7.0,7.0,7.0,6.62617,0.0
633,2018-07-11,7.0,7.0,7.0,7.0,6.62617,0.0
634,2018-07-12,7.0,7.0,7.0,7.0,6.62617,0.0
635,2018-07-13,7.0,7.0,7.0,7.0,6.62617,0.0
636,2018-07-16,7.0,7.0,7.0,7.0,6.62617,0.0
637,2018-07-17,7.0,7.0,7.0,7.0,6.62617,0.0
638,2018-07-18,7.0,7.0,7.0,7.0,6.62617,0.0
639,2018-07-19,7.0,7.0,7.0,7.0,6.62617,0.0
640,2018-07-20,7.0,7.0,7.0,7.0,6.62617,0.0
641,2018-07-23,7.0,7.0,7.0,7.0,6.62617,0.0
642,2018-07-24,7.0,7.0,7.0,7.0,6.62617,0.0
643,2018-07-25,7.0,7.0,7.0,7.0,6.62617,0.0
644,2018-07-26,7.0,7.0,7.0,7.0,6.62617,0.0
645,2018-07-27,7.0,7.0,7.0,7.0,6.62617,0.0
646,2018-07-30,7.0,7.0,7.0,7.0,6.62617,0.0
647,2018-07-31,7.0,7.0,7.0,7.0,6.62617,0.0
648,2018-08-01,7.0,7.0,7.0,7.0,6.62617,0.0
649,2018-08-02,7.0,7.0,7.0,7.0,6.62617,0.0
650,2018-08-03,7.0,7.0,7.0,7.0,6.62617,0.0
651,2018-08-06,7.0,7.0,7.0,7.0,6.62617,0.0
652,2018-08-07,7.0,7.0,7.0,7.0,6.62617,0.0
653,2018-08-08,7.0,7.0,7.0,7.0,6.62617,0.0
654,2018-08-09,7.0,7.0,7.0,7.0,6.62617,0.0
655,2018-08-10,7.0,7.0,7.0,7.0,6.62617,0.0
656,2018-08-13,7.0,7.0,7.0,7.0,6.62617,0.0
657,2018-08-14,7.0,7.0,7.0,7.0,6.62617,0.0
658,2018-08-15,7.0,7.0,7.0,7.0,6.62617,0.0
659,2018-08-16,7.0,7.0,7.0,7.0,6.62617,0.0
660,2018-08-17,7.0,7.0,7.0,7.0,6.62617,0.0
661,2018-08-20,7.0,7.0,7.0,7.0,6.62617,0.0
662,2018-08-21,7.0,7.0,7.0,7.0,6.62617,0.0
663,2018-08-22,7.0,7.0,7.0,7.0,6.62617,0.0
664,2018-08-23,7.0,7.0,7.0,7.0,6.62617,0.0
665,2018-08-24,7.0,7.0,7.0,7.0,6.62617,0.0
666,2018-08-27,7.0,7.0,7.0,7.0,6.62617,0.0
667,2018-08-28,7.0,7.0,7.0,7.0,6.62617,0.0
668,2018-08-29,7.0,7.0,7.0,7.0,6.62617,0.0
669,2018-08-30,7.0,7.0,7.0,7.0,6.62617,0.0
670,2018-08-31,7.0,7.0,7.0,7.0,6.62617,0.0
671,2018-09-03,7.0,7.0,7.0,7.0,6.62617,0.0
672,2018-09-04,7.0,7.0,7.0,7.0,6.62617,0.0
673,2018-09-05,7.0,7.0,7.0,7.0,6.62617,0.0
674,2018-09-06,7.0,7.0,7.0,7.0,6.62617,0.0
675,2018-09-10,7.0,7.0,7.0,7.0,6.62617,0.0
676,2018-09-11,7.0,7.0,7.0,7.0,6.62617,0.0
677,2018-09-12,7.0,7.0,7.0,7.0,6.62617,0.0
678,2018-09-13,7.0,7.0,7.0,7.0,6.62617,0.0
679,2018-09-14,7.0,7.0,7.0,7.0,6.62617,0.0
680,2018-09-17,7.0,7.0,7.0,7.0,6.62617,0.0
681,2018-09-18,7.0,7.0,7.0,7.0,6.62617,0.0
682,2018-09-19,7.0,7.0,7.0,7.0,6.62617,0.0
683,2018-09-20,7.0,7.0,7.0,7.0,6.62617,0.0
684,2018-09-21,7.0,7.0,7.0,7.0,6.62617,0.0
685,2018-09-24,7.0,7.0,7.0,7.0,6.62617,0.0
686,2018-09-25,7.0,7.0,7.0,7.0,6.62617,0.0
687,2018-09-26,7.0,7.0,7.0,7.0,6.62617,0.0
688,2018-09-27,7.0,7.0,7.0,7.0,6.62617,0.0
689,2018-09-28,7.0,7.0,7.0,7.0,6.62617,0.0
690,2018-10-01,7.0,7.0,7.0,7.0,6.62617,0.0
691,2018-10-02,7.0,7.0,7.0,7.0,6.62617,0.0
692,2018-10-03,7.0,7.0,7.0,7.0,6.62617,0.0
693,2018-10-04,7.0,7.0,7.0,7.0,6.62617,0.0
694,2018-10-05,7.0,7.0,7.0,7.0,6.62617,0.0
695,2018-10-08,7.0,7.0,7.0,7.0,6.62617,0.0
696,2018-10-09,7.0,7.0,7.0,7.0,6.62617,0.0
697,2018-10-10,7.0,7.0,7.0,7.0,6.62617,0.0
698,2018-10-11,7.0,7.0,7.0,7.0,6.62617,0.0
699,2018-10-15,7.0,7.0,7.0,7.0,6.62617,0.0
700,2018-10-16,7.0,7.0,7.0,7.0,6.62617,0.0
701,2018-10-17,7.0,7.0,7.0,7.0,6.62617,0.0
702,2018-10-18,7.0,7.0,7.0,7.0,6.62617,0.0
703,2018-10-19,7.0,7.0,7.0,7.0,6.62617,0.0
704,2018-10-22,7.0,7.0,7.0,7.0,6.62617,0.0
705,2018-10-23,7.0,7.0,7.0,7.0,6.62617,0.0
706,2018-10-24,7.0,7.0,7.0,7.0,6.62617,0.0
707,2018-10-25,7.0,7.0,7.0,7.0,6.62617,0.0
708,2018-10-26,7.0,7.0,7.0,7.0,6.62617,0.0
709,2018-10-29,7.0,7.0,7.0,7.0,6.62617,0.0
710,2018-10-30,7.0,7.0,7.0,7.0,6.62617,0.0
711,2018-10-31,7.0,7.0,7.0,7.0,6.62617,0.0
712,2018-11-01,7.0,7.0,7.0,7.0,6.62617,0.0
713,2018-11-05,7.0,7.0,7.0,7.0,6.62617,0.0
714,2018-11-06,7.0,7.0,7.0,7.0,6.771124,0.0
715,2018-11-07,7.0,7.0,7.0,7.0,6.771124,0.0
716,2018-11-08,7.0,7.0,7.0,7.0,6.771124,0.0
717,2018-11-09,7.0,7.0,7.0,7.0,6.771124,0.0
718,2018-11-12,7.0,7.0,7.0,7.0,6.771124,0.0
719,2018-11-13,7.0,7.0,7.0,7.0,6.771124,0.0
720,2018-11-14,7.0,7.0,7.0,7.0,6.771124,0.0
721,2018-11-16,7.0,7.0,7.0,7.0,6.771124,0.0
722,2018-11-19,7.0,7.0,7.0,7.0,6.771124,0.0
723,2018-11-21,7.0,7.0,7.0,7.0,6.771124,0.0
724,2018-11-22,7.0,7.0,7.0,7.0,6.771124,0.0
725,2018-11-23,7.0,7.0,7.0,7.0,6.771124,0.0
726,2018-11-26,7.0,7.0,7.0,7.0,6.771124,0.0
727,2018-11-27,7.0,7.0,7.0,7.0,6.771124,0.0
728,2018-11-28,7.0,7.0,7.0,7.0,6.771124,0.0
729,2018-11-29,7.0,7.0,7.0,7.0,6.771124,0.0
730,2018-11-30,7.0,7.0,7.0,7.0,6.771124,0.0
731,2018-12-03,7.0,7.0,7.0,7.0,6.771124,0.0
732,2018-12-04,7.0,7.0,7.0,7.0,6.771124,0.0
733,2018-12-05,7.0,7.0,7.0,7.0,6.771124,0.0
734,2018-12-06,7.0,7.0,7.0,7.0,6.771124,0.0
735,2018-12-07,7.0,7.0,7.0,7.0,6.771124,0.0
736,2018-12-10,7.0,7.0,7.0,7.0,6.771124,0.0
737,2018-12-11,7.0,7.0,7.0,7.0,6.771124,0.0
738,2018-12-12,7.0,7.0,7.0,7.0,6.771124,0.0
739,2018-12-13,7.0,7.0,7.0,7.0,6.771124,0.0
740,2018-12-14,7.0,7.0,7.0,7.0,6.771124,0.0
741,2018-12-17,7.0,7.0,7.0,7.0,6.771124,0.0
742,2018-12-18,7.0,7.0,7.0,7.0,6.771124,0.0
743,2018-12-19,7.0,7.0,7.0,7.0,6.771124,0.0
744,2018-12-20,7.0,7.0,7.0,7.0,6.771124,0.0
745,2018-12-21,7.0,7.0,7.0,7.0,6.771124,0.0
746,2018-12-26,7.0,7.0,7.0,7.0,6.771124,0.0
747,2018-12-27,7.0,7.0,7.0,7.0,6.771124,0.0
748,2018-12-28,7.01,7.01,7.01,7.01,6.780797,200.0
749,2019-01-02,7.01,7.01,7.01,7.01,6.780797,0.0
750,2019-01-03,7.01,7.01,7.01,7.01,6.780797,0.0
751,2019-01-04,7.01,7.01,7.01,7.01,6.780797,0.0
752,2019-01-07,7.01,7.01,7.01,7.01,6.780797,0.0
753,2019-01-08,7.01,7.01,7.01,7.01,6.780797,0.0
754,2019-01-09,7.01,7.01,7.01,7.01,6.780797,0.0
755,2019-01-10,7.01,7.01,7.01,7.01,6.780797,0.0
756,2019-01-11,7.01,7.01,7.01,7.01,6.780797,0.0
757,2019-01-14,7.01,7.01,7.01,7.01,6.780797,0.0
758,2019-01-15,7.01,7.01,7.01,7.01,6.780797,0.0
759,2019-01-16,7.01,7.01,7.01,7.01,6.780797,0.0
760,2019-01-17,7.01,7.01,7.01,7.01,6.780797,0.0
761,2019-01-18,7.01,7.01,7.01,7.01,6.780797,0.0
762,2019-01-21,7.01,7.01,7.01,7.01,6.780797,0.0
763,2019-01-22,7.01,7.01,7.01,7.01,6.780797,0.0
764,2019-01-23,6.99,6.99,6.99,6.99,6.761451,100.0
765,2019-01-24,6.99,6.99,6.99,6.99,6.761451,0.0
766,2019-01-28,6.99,6.99,6.99,6.99,6.761451,0.0
767,2019-01-29,6.99,6.99,6.99,6.99,6.761451,0.0
768,2019-01-30,6.99,6.99,6.99,6.99,6.761451,0.0
769,2019-01-31,6.99,6.99,6.99,6.99,6.761451,0.0
770,2019-02-01,6.99,6.99,6.99,6.99,6.761451,0.0
771,2019-02-04,6.99,6.99,6.99,6.99,6.761451,0.0
772,2019-02-05,6.99,6.99,6.99,6.99,6.761451,0.0
773,2019-02-06,6.99,6.99,6.99,6.99,6.761451,0.0
774,2019-02-07,6.99,6.99,6.99,6.99,6.761451,0.0
775,2019-02-08,6.99,6.99,6.99,6.99,6.761451,0.0
776,2019-02-11,6.99,6.99,6.99,6.99,6.761451,0.0
777,2019-02-12,6.99,6.99,6.99,6.99,6.761451,0.0
778,2019-02-13,6.99,6.99,6.99,6.99,6.761451,0.0
779,2019-02-14,6.99,6.99,6.99,6.99,6.761451,0.0
780,2019-02-15,6.99,6.99,6.99,6.99,6.761451,0.0
781,2019-02-18,6.99,6.99,6.99,6.99,6.761451,0.0
782,2019-02-19,6.99,6.99,6.99,6.99,6.761451,0.0
783,2019-02-20,6.99,6.99,6.99,6.99,6.761451,0.0
784,2019-02-21,6.99,6.99,6.99,6.99,6.761451,0.0
785,2019-02-22,6.99,6.99,6.99,6.99,6.761451,0.0
786,2019-02-25,6.99,6.99,6.99,6.99,6.761451,0.0
787,2019-02-26,6.99,6.99,6.99,6.99,6.761451,0.0
788,2019-02-27,6.99,6.99,6.99,6.99,6.761451,0.0
789,2019-02-28,6.99,6.99,6.99,6.99,6.761451,0.0
790,2019-03-01,6.99,6.99,6.99,6.99,6.761451,0.0
791,2019-03-06,,,,,,
792,2019-03-07,6.99,6.99,6.99,6.99,6.761451,0.0
793,2019-03-08,6.99,6.99,6.99,6.99,6.761451,0.0
794,2019-03-11,6.99,6.99,6.99,6.99,6.761451,0.0
795,2019-03-12,6.99,6.99,6.99,6.99,6.761451,0.0
796,2019-03-13,6.99,6.99,6.99,6.99,6.761451,0.0
797,2019-03-14,6.99,6.99,6.99,6.99,6.761451,0.0
798,2019-03-15,6.99,6.99,6.99,6.99,6.761451,0.0
799,2019-03-18,6.99,6.99,6.99,6.99,6.761451,0.0
800,2019-03-19,6.99,6.99,6.99,6.99,6.761451,0.0
801,2019-03-20,6.99,6.99,6.99,6.99,6.761451,0.0
802,2019-03-21,6.99,6.99,6.99,6.99,6.761451,0.0
803,2019-03-22,6.99,6.99,6.99,6.99,6.761451,0.0
804,2019-03-25,6.99,6.99,6.99,6.99,6.761451,0.0
805,2019-03-26,6.99,6.99,6.99,6.99,6.761451,0.0
806,2019-03-27,6.99,6.99,6.99,6.99,6.761451,0.0
807,2019-03-28,6.99,6.99,6.99,6.99,6.761451,0.0
808,2019-03-29,6.99,6.99,6.99,6.99,6.761451,0.0
809,2019-04-01,6.99,6.99,6.99,6.99,6.761451,0.0
810,2019-04-02,6.99,6.99,6.99,6.99,6.761451,0.0
811,2019-04-03,6.99,6.99,6.99,6.99,6.761451,0.0
812,2019-04-04,6.99,6.99,6.99,6.99,6.761451,0.0
813,2019-04-05,6.99,6.99,6.99,6.99,6.761451,0.0
814,2019-04-08,6.99,6.99,6.99,6.99,6.761451,0.0
815,2019-04-09,6.99,6.99,6.99,6.99,6.761451,0.0
816,2019-04-10,6.99,6.99,6.99,6.99,6.761451,0.0
817,2019-04-11,6.99,6.99,6.99,6.99,6.761451,0.0
818,2019-04-12,6.99,6.99,6.99,6.99,6.761451,0.0
819,2019-04-15,6.99,6.99,6.99,6.99,6.761451,0.0
820,2019-04-16,6.99,6.99,6.99,6.99,6.761451,0.0
821,2019-04-17,6.99,6.99,6.99,6.99,6.761451,0.0
822,2019-04-18,6.99,6.99,6.99,6.99,6.761451,0.0
823,2019-04-22,6.99,6.99,6.99,6.99,6.761451,0.0
824,2019-04-23,6.99,6.99,6.99,6.99,6.761451,0.0
825,2019-04-24,6.99,6.99,6.99,6.99,6.761451,0.0
826,2019-04-25,6.99,6.99,6.99,6.99,6.761451,0.0
827,2019-04-26,6.99,6.99,6.99,6.99,6.761451,0.0
828,2019-04-29,6.99,6.99,6.99,6.99,6.761451,0.0
829,2019-04-30,6.99,6.99,6.99,6.99,6.761451,0.0
830,2019-05-02,6.99,6.99,6.99,6.99,6.761451,0.0
831,2019-05-03,6.99,6.99,6.99,6.99,6.761451,0.0
832,2019-05-06,6.99,6.99,6.99,6.99,6.761451,0.0
833,2019-05-07,6.99,6.99,6.99,6.99,6.761451,0.0
834,2019-05-08,6.99,6.99,6.99,6.99,6.761451,0.0
835,2019-05-09,6.99,6.99,6.99,6.99,6.761451,0.0
836,2019-05-10,6.99,6.99,6.99,6.99,6.761451,0.0
837,2019-05-13,6.99,6.99,6.99,6.99,6.761451,0.0
838,2019-05-14,6.99,6.99,6.99,6.99,6.761451,0.0
839,2019-05-15,6.99,6.99,6.99,6.99,6.761451,0.0
840,2019-05-16,6.99,6.99,6.99,6.99,6.761451,0.0
841,2019-05-17,6.99,6.99,6.99,6.99,6.761451,0.0
842,2019-05-20,6.99,6.99,6.99,6.99,6.761451,0.0
843,2019-05-21,6.99,6.99,6.99,6.99,6.761451,0.0
844,2019-05-22,6.99,6.99,6.99,6.99,6.761451,0.0
845,2019-05-23,6.99,6.99,6.99,6.99,6.761451,0.0
846,2019-05-24,6.99,6.99,6.99,6.99,6.761451,0.0
847,2019-05-27,6.99,6.99,6.99,6.99,6.761451,0.0
848,2019-05-28,6.99,6.99,6.99,6.99,6.761451,0.0
849,2019-05-29,6.99,6.99,6.99,6.99,6.761451,0.0
850,2019-05-30,6.99,6.99,6.99,6.99,6.761451,0.0
851,2019-05-31,6.99,6.99,6.99,6.99,6.761451,0.0
852,2019-06-03,6.99,6.99,6.99,6.99,6.761451,0.0
853,2019-06-04,6.99,6.99,6.99,6.99,6.761451,0.0
854,2019-06-05,6.99,6.99,6.99,6.99,6.863635,0.0
855,2019-06-06,6.99,6.99,6.99,6.99,6.863635,0.0
856,2019-06-07,6.99,6.99,6.99,6.99,6.863635,0.0
857,2019-06-10,6.99,6.99,6.99,6.99,6.863635,0.0
858,2019-06-11,6.99,6.99,6.99,6.99,6.863635,0.0
859,2019-06-12,6.99,6.99,6.99,6.99,6.863635,0.0
860,2019-06-13,6.99,6.99,6.99,6.99,6.863635,0.0
861,2019-06-14,6.99,6.99,6.99,6.99,6.863635,0.0
862,2019-06-17,6.99,6.99,6.99,6.99,6.863635,0.0
863,2019-06-18,6.99,6.99,6.99,6.99,6.863635,0.0
864,2019-06-19,6.99,6.99,6.99,6.99,6.863635,0.0
865,2019-06-21,6.99,6.99,6.99,6.99,6.863635,0.0
866,2019-06-24,6.99,6.99,6.99,6.99,6.863635,0.0
867,2019-06-25,6.99,6.99,6.99,6.99,6.863635,0.0
868,2019-06-26,6.99,6.99,6.99,6.99,6.863635,0.0
869,2019-06-27,6.5,6.5,6.5,6.5,6.382493,100.0
870,2019-06-28,6.5,6.5,6.5,6.5,6.382493,0.0
871,2019-07-01,6.5,6.5,6.5,6.5,6.382493,0.0
872,2019-07-02,6.5,6.5,6.5,6.5,6.382493,0.0
873,2019-07-03,6.5,6.5,6.5,6.5,6.382493,0.0
874,2019-07-04,6.5,6.5,6.5,6.5,6.382493,0.0
875,2019-07-05,7.0,7.0,7.0,7.0,6.873454,100.0
876,2019-07-08,7.0,7.0,7.0,7.0,6.873454,100.0
877,2019-07-10,7.0,7.0,7.0,7.0,6.873454,0.0
878,2019-07-11,7.0,7.0,7.0,7.0,6.873454,0.0
879,2019-07-12,7.0,7.0,7.0,7.0,6.873454,0.0
880,2019-07-15,7.0,7.0,7.0,7.0,6.873454,0.0
881,2019-07-16,7.0,7.0,7.0,7.0,6.873454,0.0
882,2019-07-17,7.0,7.0,7.0,7.0,6.873454,0.0
883,2019-07-18,7.0,7.0,7.0,7.0,6.873454,0.0
884,2019-07-19,7.0,7.0,7.0,7.0,6.873454,0.0
885,2019-07-22,7.0,7.0,7.0,7.0,6.873454,0.0
886,2019-07-23,7.0,7.0,7.0,7.0,6.873454,0.0
887,2019-07-24,7.0,7.0,7.0,7.0,6.873454,0.0
888,2019-07-25,7.0,7.0,7.0,7.0,6.873454,0.0
889,2019-07-26,7.0,7.0,7.0,7.0,6.873454,0.0
890,2019-07-29,7.0,7.0,7.0,7.0,6.873454,0.0
891,2019-07-30,7.0,7.0,7.0,7.0,6.873454,0.0
892,2019-07-31,7.0,7.0,7.0,7.0,6.873454,0.0
893,2019-08-01,7.0,7.0,7.0,7.0,6.873454,0.0
894,2019-08-02,7.0,7.0,7.0,7.0,6.873454,0.0
895,2019-08-05,7.5,7.5,7.5,7.5,7.364415,100.0
896,2019-08-06,7.5,7.5,7.5,7.5,7.364415,0.0
897,2019-08-07,7.5,7.5,7.5,7.5,7.364415,0.0
898,2019-08-08,7.5,7.5,7.5,7.5,7.364415,0.0
899,2019-08-09,7.5,7.5,7.5,7.5,7.364415,0.0
900,2019-08-12,7.5,7.5,7.5,7.5,7.364415,0.0
901,2019-08-13,7.5,7.5,7.5,7.5,7.364415,0.0
902,2019-08-14,7.5,7.5,7.5,7.5,7.364415,0.0
903,2019-08-15,7.5,7.5,7.5,7.5,7.364415,0.0
904,2019-08-16,7.5,7.5,7.5,7.5,7.364415,0.0
905,2019-08-19,7.5,7.5,7.5,7.5,7.364415,0.0
906,2019-08-20,7.5,8.0,7.5,8.0,7.855376,200.0
907,2019-08-21,8.0,8.0,8.0,8.0,7.855376,0.0
908,2019-08-22,8.0,8.0,8.0,8.0,7.855376,0.0
909,2019-08-23,8.0,8.0,8.0,8.0,7.855376,0.0
910,2019-08-26,8.0,8.0,8.0,8.0,7.855376,0.0
911,2019-08-27,8.0,8.0,8.0,8.0,7.855376,0.0
912,2019-08-28,8.0,8.0,8.0,8.0,7.855376,0.0
913,2019-08-29,8.0,8.0,8.0,8.0,7.855376,0.0
914,2019-08-30,8.0,8.0,8.0,8.0,7.855376,0.0
915,2019-09-02,8.0,8.0,8.0,8.0,7.855376,0.0
916,2019-09-03,8.0,8.0,8.0,8.0,7.855376,0.0
917,2019-09-04,8.0,8.0,8.0,8.0,7.855376,0.0
918,2019-09-05,8.0,8.0,8.0,8.0,7.855376,0.0
919,2019-09-06,8.0,8.0,8.0,8.0,7.855376,0.0
920,2019-09-09,8.0,8.0,8.0,8.0,7.855376,0.0
921,2019-09-10,8.0,8.0,8.0,8.0,7.855376,0.0
922,2019-09-11,8.0,8.0,8.0,8.0,7.855376,0.0
923,2019-09-12,8.0,8.0,8.0,8.0,7.855376,0.0
924,2019-09-13,8.0,8.0,8.0,8.0,7.855376,0.0
925,2019-09-16,8.0,8.0,8.0,8.0,7.855376,0.0
926,2019-09-17,8.0,8.0,8.0,8.0,7.855376,0.0
927,2019-09-18,8.0,8.0,8.0,8.0,7.855376,0.0
928,2019-09-19,8.0,8.0,8.0,8.0,7.855376,0.0
929,2019-09-20,8.0,8.0,8.0,8.0,7.855376,0.0
930,2019-09-23,8.0,8.0,8.0,8.0,7.855376,0.0
931,2019-09-24,8.0,8.0,8.0,8.0,7.855376,0.0
932,2019-09-25,8.0,8.0,8.0,8.0,7.855376,0.0
933,2019-09-26,8.0,8.0,8.0,8.0,7.855376,0.0
934,2019-09-27,8.0,8.0,8.0,8.0,7.855376,0.0
935,2019-09-30,8.0,8.0,8.0,8.0,7.855376,0.0
936,2019-10-01,8.0,8.0,8.0,8.0,7.855376,0.0
937,2019-10-02,8.0,8.0,8.0,8.0,7.855376,0.0
938,2019-10-03,8.0,8.0,8.0,8.0,7.855376,0.0
939,2019-10-04,8.0,8.0,8.0,8.0,7.855376,0.0
940,2019-10-07,8.0,8.0,8.0,8.0,7.855376,0.0
941,2019-10-08,8.0,8.0,8.0,8.0,7.855376,0.0
942,2019-10-09,8.0,8.0,8.0,8.0,7.855376,0.0
943,2019-10-10,8.0,8.0,8.0,8.0,7.855376,0.0
944,2019-10-11,8.0,8.0,8.0,8.0,7.855376,0.0
945,2019-10-14,8.0,8.0,8.0,8.0,7.855376,0.0
946,2019-10-15,8.0,8.0,8.0,8.0,7.855376,0.0
947,2019-10-16,8.0,8.0,8.0,8.0,7.855376,0.0
948,2019-10-17,8.0,8.0,8.0,8.0,7.855376,0.0
949,2019-10-18,8.0,8.0,8.0,8.0,7.855376,0.0
950,2019-10-21,8.0,8.0,8.0,8.0,7.855376,0.0
951,2019-10-22,8.0,8.0,8.0,8.0,7.855376,0.0
952,2019-10-23,8.0,8.0,8.0,8.0,7.855376,0.0
953,2019-10-24,8.0,8.0,8.0,8.0,7.855376,0.0
954,2019-10-25,8.0,8.0,8.0,8.0,7.855376,0.0
955,2019-10-28,8.0,8.0,8.0,8.0,7.855376,0.0
956,2019-10-29,8.0,8.0,8.0,8.0,7.855376,0.0
957,2019-10-30,8.0,8.0,8.0,8.0,7.855376,0.0
958,2019-10-31,8.0,8.0,8.0,8.0,7.927358,0.0
959,2019-11-01,8.0,8.0,8.0,8.0,7.927358,0.0
960,2019-11-04,8.0,8.0,8.0,8.0,7.927358,0.0
961,2019-11-05,8.0,8.0,8.0,8.0,7.927358,0.0
962,2019-11-06,8.0,8.0,8.0,8.0,8.0,0.0
963,2019-11-07,8.0,8.0,8.0,8.0,8.0,0.0
964,2019-11-08,8.0,8.0,8.0,8.0,8.0,0.0
965,2019-11-11,8.0,8.0,8.0,8.0,8.0,0.0
966,2019-11-12,8.0,8.0,8.0,8.0,8.0,0.0
967,2019-11-13,8.0,8.0,8.0,8.0,8.0,0.0
968,2019-11-14,8.0,8.0,8.0,8.0,8.0,0.0
969,2019-11-18,8.0,8.0,8.0,8.0,8.0,0.0
970,2019-11-19,8.0,8.0,8.0,8.0,8.0,0.0
971,2019-11-21,8.0,8.0,8.0,8.0,8.0,0.0
972,2019-11-22,8.0,8.0,8.0,8.0,8.0,0.0
973,2019-11-25,8.0,8.0,8.0,8.0,8.0,0.0
974,2019-11-26,8.0,8.0,8.0,8.0,8.0,0.0
975,2019-11-27,8.0,8.0,8.0,8.0,8.0,0.0
976,2019-11-28,8.0,8.0,8.0,8.0,8.0,0.0
977,2019-11-29,8.0,8.0,8.0,8.0,8.0,0.0
978,2019-12-02,8.0,8.0,8.0,8.0,8.0,0.0
979,2019-12-03,8.0,8.0,8.0,8.0,8.0,0.0
980,2019-12-04,8.0,8.0,8.0,8.0,8.0,0.0
981,2019-12-05,8.0,8.0,8.0,8.0,8.0,0.0
982,2019-12-06,8.0,8.0,8.0,8.0,8.0,0.0
983,2019-12-09,8.0,8.0,8.0,8.0,8.0,0.0
984,2019-12-10,8.0,8.0,8.0,8.0,8.0,0.0
985,2019-12-11,8.0,8.0,8.0,8.0,8.0,0.0
986,2019-12-12,8.0,8.0,8.0,8.0,8.0,0.0
987,2019-12-13,8.0,8.0,8.0,8.0,8.0,0.0
988,2019-12-16,8.0,8.0,8.0,8.0,8.0,0.0
989,2019-12-17,8.0,8.0,8.0,8.0,8.0,0.0
990,2019-12-18,8.0,8.0,8.0,8.0,8.0,0.0
991,2019-12-19,8.0,8.0,8.0,8.0,8.0,0.0
992,2019-12-20,8.0,8.0,8.0,8.0,8.0,0.0
993,2019-12-23,8.0,8.0,8.0,8.0,8.0,0.0
994,2019-12-26,8.0,8.0,8.0,8.0,8.0,0.0
995,2019-12-27,8.0,8.0,8.0,8.0,8.0,0.0
996,2019-12-30,8.0,8.0,8.0,8.0,8.0,0.0
997,2020-01-02,8.0,8.0,8.0,8.0,8.0,0.0
998,2020-01-03,8.0,8.0,8.0,8.0,8.0,0.0
999,2020-01-06,8.0,8.0,8.0,8.0,8.0,0.0
1000,2020-01-07,8.0,8.0,8.0,8.0,8.0,0.0
1001,2020-01-08,8.0,8.0,8.0,8.0,8.0,0.0
1002,2020-01-09,8.0,8.0,8.0,8.0,8.0,0.0
1003,2020-01-10,8.0,8.0,8.0,8.0,8.0,0.0
1004,2020-01-13,8.0,8.0,8.0,8.0,8.0,0.0
1005,2020-01-14,8.0,8.0,8.0,8.0,8.0,0.0
1006,2020-01-15,8.0,8.0,8.0,8.0,8.0,0.0
1007,2020-01-16,8.0,8.0,8.0,8.0,8.0,0.0
1008,2020-01-17,8.0,8.0,8.0,8.0,8.0,0.0
1009,2020-01-20,8.0,8.0,8.0,8.0,8.0,0.0
1010,2020-01-21,8.0,8.0,8.0,8.0,8.0,0.0
1011,2020-01-22,8.0,8.0,8.0,8.0,8.0,0.0
1012,2020-01-23,9.01,10.0,9.01,10.0,10.0,200.0
1013,2020-01-24,10.0,10.0,10.0,10.0,10.0,0.0
1014,2020-01-27,10.0,10.0,10.0,10.0,10.0,0.0
1015,2020-01-28,10.0,10.0,10.0,10.0,10.0,0.0
1016,2020-01-29,10.0,10.0,10.0,10.0,10.0,0.0
1017,2020-01-30,10.0,10.0,10.0,10.0,10.0,0.0
1018,2020-01-31,10.0,10.0,10.0,10.0,10.0,0.0
1019,2020-02-03,11.51,11.51,11.51,11.51,11.51,100.0
1020,2020-02-04,11.51,11.51,11.51,11.51,11.51,0.0
1021,2020-02-05,10.61,10.61,10.6,10.6,10.6,200.0
1022,2020-02-06,10.6,10.6,10.6,10.6,10.6,0.0
1023,2020-02-07,9.7,9.7,9.69,9.69,9.69,200.0
1024,2020-02-10,9.69,9.69,9.69,9.69,9.69,0.0
1025,2020-02-11,9.69,9.69,9.69,9.69,9.69,0.0
1026,2020-02-12,9.69,9.69,9.69,9.69,9.69,0.0
1027,2020-02-13,9.69,9.69,9.69,9.69,9.69,0.0
1028,2020-02-14,9.69,9.69,9.69,9.69,9.69,0.0
1029,2020-02-17,9.69,9.69,9.69,9.69,9.69,0.0
1030,2020-02-18,9.69,9.69,9.69,9.69,9.69,0.0
1031,2020-02-19,9.69,9.69,9.69,9.69,9.69,0.0
1032,2020-02-20,9.69,9.69,9.69,9.69,9.69,0.0
1033,2020-02-21,9.69,9.69,9.69,9.69,9.69,0.0
1034,2020-02-26,,,,,,
1035,2020-02-27,9.69,9.69,9.69,9.69,9.69,0.0
1036,2020-02-28,9.69,9.69,9.69,9.69,9.69,0.0
1037,2020-03-02,9.69,9.69,9.69,9.69,9.69,0.0
1038,2020-03-03,9.69,9.69,9.69,9.69,9.69,0.0
1039,2020-03-04,9.69,9.69,9.69,9.69,9.69,0.0
1040,2020-03-05,9.2,9.2,9.2,9.2,9.2,100.0
1041,2020-03-06,9.2,9.2,9.2,9.2,9.2,0.0
1042,2020-03-09,8.5,8.5,8.5,8.5,8.5,100.0
1043,2020-03-10,8.5,8.5,8.5,8.5,8.5,0.0
1044,2020-03-11,8.5,8.5,8.5,8.5,8.5,0.0
1045,2020-03-12,8.5,8.5,8.5,8.5,8.5,0.0
1046,2020-03-13,8.5,8.5,8.5,8.5,8.5,0.0
1047,2020-03-16,8.5,8.5,8.5,8.5,8.5,0.0
1048,2020-03-17,8.5,8.5,8.5,8.5,8.5,0.0
1049,2020-03-18,8.5,8.5,8.5,8.5,8.5,0.0
1050,2020-03-19,8.5,8.5,8.5,8.5,8.5,0.0
1051,2020-03-20,8.5,8.5,8.5,8.5,8.5,0.0
1052,2020-03-23,8.5,8.5,8.5,8.5,8.5,0.0
1053,2020-03-24,8.5,8.5,8.5,8.5,8.5,0.0
1054,2020-03-25,8.5,8.5,8.5,8.5,8.5,0.0
1055,2020-03-26,8.5,8.5,8.5,8.5,8.5,0.0
1056,2020-03-27,8.5,8.5,8.5,8.5,8.5,0.0
1057,2020-03-30,8.5,8.5,8.5,8.5,8.5,0.0
1058,2020-03-31,8.5,8.5,8.5,8.5,8.5,0.0
1059,2020-04-01,8.5,8.5,8.5,8.5,8.5,0.0
1060,2020-04-02,8.5,8.5,8.5,8.5,8.5,0.0
1061,2020-04-03,8.5,8.5,8.5,8.5,8.5,0.0
1062,2020-04-06,8.5,8.5,8.5,8.5,8.5,0.0
1063,2020-04-07,8.5,8.5,8.5,8.5,8.5,0.0
1064,2020-04-08,8.5,8.5,8.5,8.5,8.5,0.0
1065,2020-04-09,8.5,8.5,8.5,8.5,8.5,0.0
1066,2020-04-13,8.5,8.5,8.5,8.5,8.5,0.0
1067,2020-04-14,8.5,8.5,8.5,8.5,8.5,0.0
1068,2020-04-15,8.5,8.5,8.5,8.5,8.5,0.0
1069,2020-04-16,8.5,8.5,8.5,8.5,8.5,0.0
1070,2020-04-17,8.5,8.5,8.5,8.5,8.5,0.0
1071,2020-04-20,8.5,8.5,8.5,8.5,8.5,0.0
1072,2020-04-22,8.5,8.5,8.5,8.5,8.5,0.0
1073,2020-04-23,8.5,8.5,8.5,8.5,8.5,0.0
1074,2020-04-24,8.5,8.5,8.5,8.5,8.5,0.0
1075,2020-04-27,8.5,8.5,8.5,8.5,8.5,0.0
1076,2020-04-28,8.5,8.5,8.5,8.5,8.5,0.0
1077,2020-04-29,8.5,8.5,8.5,8.5,8.5,0.0
1078,2020-04-30,8.5,8.5,8.5,8.5,8.5,0.0
1079,2020-05-04,8.5,8.5,8.5,8.5,8.5,0.0
1080,2020-05-05,8.5,8.5,8.5,8.5,8.5,0.0
1081,2020-05-06,8.5,8.5,8.5,8.5,8.5,0.0
1082,2020-05-07,8.5,8.5,8.5,8.5,8.5,0.0
1083,2020-05-08,8.5,8.5,8.5,8.5,8.5,0.0
1084,2020-05-11,8.5,8.5,8.5,8.5,8.5,0.0
1085,2020-05-12,8.5,8.5,8.5,8.5,8.5,0.0
1086,2020-05-13,8.5,8.5,8.5,8.5,8.5,500.0
1087,2020-05-14,10.0,10.0,7.99,7.99,7.99,1400.0
1088,2020-05-15,6.92,7.25,6.92,7.25,7.25,200.0
1089,2020-05-18,7.25,7.25,7.25,7.25,7.25,0.0
1090,2020-05-19,6.52,7.25,6.52,7.15,7.15,600.0
1091,2020-05-20,7.15,7.15,7.15,7.15,7.15,0.0
1092,2020-05-21,7.15,7.15,7.15,7.15,7.15,0.0
1093,2020-05-22,7.15,7.15,7.15,7.15,7.15,0.0
1094,2020-05-25,7.14,7.92,7.14,7.92,7.92,200.0
1095,2020-05-26,7.92,7.92,7.92,7.92,7.92,200.0
1096,2020-05-27,7.92,7.92,7.92,7.92,7.92,0.0
1097,2020-05-28,7.92,7.92,7.92,7.92,7.92,0.0
1098,2020-05-29,7.92,7.92,7.92,7.92,7.92,0.0
1099,2020-06-01,7.92,7.92,7.92,7.92,7.92,0.0
1100,2020-06-02,7.92,7.92,7.92,7.92,7.92,0.0
1101,2020-06-03,7.92,7.92,7.92,7.92,7.92,100.0
1102,2020-06-04,7.92,7.92,7.92,7.92,7.92,0.0
1103,2020-06-05,7.92,7.92,7.92,7.92,7.92,2000.0
1104,2020-06-08,7.92,7.92,7.92,7.92,7.92,0.0
1105,2020-06-09,7.92,7.92,7.92,7.92,7.92,0.0
1106,2020-06-10,7.92,7.92,7.92,7.92,7.92,500.0
1107,2020-06-12,7.92,7.92,7.92,7.92,7.92,0.0
1108,2020-06-15,7.92,7.92,7.92,7.92,7.92,0.0
1109,2020-06-16,7.92,7.92,7.92,7.92,7.92,0.0
1110,2020-06-17,7.92,7.92,7.92,7.92,7.92,0.0
1111,2020-06-18,7.92,9.01,7.46,7.99,7.99,22700.0
1112,2020-06-19,8.42,13.0,8.42,9.58,9.58,76700.0
1113,2020-06-22,12.0,12.95,8.4,9.1,9.1,50000.0
1114,2020-06-23,9.5,9.5,7.46,7.96,7.96,25900.0
1115,2020-06-24,8.28,9.35,7.1,7.3,7.3,42300.0
1116,2020-06-25,7.61,7.61,7.03,7.1,7.1,8300.0
1117,2020-06-26,7.49,7.61,7.12,7.2,7.2,14300.0
1118,2020-06-29,7.22,7.8,7.2,7.65,7.65,4700.0
1119,2020-06-30,7.15,7.6,6.81,7.55,7.55,5800.0
1120,2020-07-01,7.55,7.57,7.2,7.26,7.26,2400.0
1121,2020-07-02,7.27,7.7,7.26,7.29,7.29,2100.0
1122,2020-07-03,7.29,7.4,7.0,7.27,7.27,2300.0
1123,2020-07-06,7.05,7.25,7.02,7.07,7.07,3900.0
1124,2020-07-07,7.08,7.27,7.04,7.04,7.04,2400.0
1125,2020-07-08,7.08,7.2,7.07,7.07,7.07,1500.0
1126,2020-07-09,7.04,7.2,7.04,7.04,7.04,2800.0
1127,2020-07-10,7.04,7.2,7.04,7.2,7.2,1800.0
1128,2020-07-13,7.04,7.15,7.0,7.1,7.1,5500.0
1129,2020-07-14,7.1,7.15,7.06,7.06,7.06,2100.0
1130,2020-07-15,7.06,7.2,7.0,7.0,7.0,1600.0
1131,2020-07-16,7.03,7.03,6.9,6.9,6.9,900.0
1132,2020-07-17,7.2,7.2,6.8,7.0,7.0,1500.0
1133,2020-07-20,6.9,6.9,6.9,6.9,6.9,600.0
1134,2020-07-21,6.91,6.91,6.9,6.9,6.9,2300.0
1135,2020-07-22,6.86,6.86,6.86,6.86,6.86,100.0
1136,2020-07-23,6.75,6.75,6.75,6.75,6.75,500.0
1137,2020-07-24,6.6,6.6,6.5,6.5,6.5,200.0
1138,2020-07-27,6.51,6.85,6.51,6.85,6.85,1900.0
1139,2020-07-28,6.9,6.9,6.9,6.9,6.9,500.0
1140,2020-07-29,7.0,7.4,6.4,6.4,6.4,3000.0
1141,2020-07-30,6.21,6.8,6.21,6.8,6.8,400.0
1142,2020-07-31,6.8,6.8,5.85,6.29,6.29,11900.0
1143,2020-08-03,6.29,6.29,6.29,6.29,6.29,100.0
1144,2020-08-04,6.29,6.29,6.29,6.29,6.29,400.0
1145,2020-08-05,6.1,6.3,6.1,6.3,6.3,1400.0
1146,2020-08-06,6.49,7.0,6.3,6.7,6.7,4900.0
1147,2020-08-07,6.5,6.7,6.5,6.52,6.52,1500.0
1148,2020-08-10,6.7,6.75,6.25,6.25,6.25,1500.0
1149,2020-08-11,6.31,6.31,6.31,6.31,6.31,200.0
1150,2020-08-12,6.3,6.32,6.22,6.32,6.32,500.0
1151,2020-08-13,6.32,6.32,6.32,6.32,6.32,0.0
1152,2020-08-14,6.35,6.35,6.35,6.35,6.35,300.0
1153,2020-08-17,6.35,6.35,6.35,6.35,6.35,0.0
1154,2020-08-18,6.35,6.35,6.35,6.35,6.35,0.0
1155,2020-08-19,6.59,6.59,5.89,5.89,5.89,33900.0
1156,2020-08-20,5.89,5.89,5.89,5.89,5.89,0.0
1157,2020-08-21,5.89,5.89,5.89,5.89,5.89,0.0
1158,2020-08-24,5.7,5.7,5.7,5.7,5.7,200.0
1159,2020-08-25,6.7,8.04,6.5,7.2,7.2,20000.0
1160,2020-08-26,7.48,10.2,7.31,8.39,8.39,92800.0
1161,2020-08-27,9.0,9.5,7.05,7.05,7.05,42800.0
1162,2020-08-28,7.06,7.46,6.95,6.95,6.95,3600.0
1163,2020-08-31,6.9,6.9,6.5,6.65,6.65,7000.0
1164,2020-09-01,6.65,7.5,6.02,6.17,6.17,102800.0
1165,2020-09-02,6.36,6.37,6.15,6.29,6.29,19000.0
1166,2020-09-03,6.23,6.39,6.1,6.1,6.1,19800.0
1167,2020-09-04,6.24,6.25,6.0,6.18,6.18,7700.0
1168,2020-09-08,6.15,6.15,5.75,5.88,5.88,27300.0
1169,2020-09-09,6.1,6.1,5.88,5.88,5.88,3800.0
1170,2020-09-10,5.94,6.0,5.75,5.76,5.76,6400.0
1171,2020-09-11,5.77,5.8,5.68,5.69,5.69,3700.0
1172,2020-09-14,5.72,5.79,5.72,5.79,5.79,500.0
1173,2020-09-15,5.79,5.95,5.79,5.82,5.82,2900.0
1174,2020-09-16,5.81,6.0,5.75,6.0,6.0,9100.0
1175,2020-09-17,5.9,5.9,5.78,5.78,5.78,7000.0
1176,2020-09-18,5.8,5.8,5.73,5.73,5.73,2800.0
1177,2020-09-21,5.6,5.66,5.2,5.31,5.31,16200.0
1178,2020-09-22,5.36,5.4,4.9,4.99,4.99,36500.0
1179,2020-09-23,5.03,5.2,4.84,4.9,4.9,18800.0
1180,2020-09-24,4.99,5.0,4.84,4.99,4.99,1500.0
1181,2020-09-25,5.0,5.0,4.88,4.95,4.95,3000.0
1182,2020-09-28,4.96,4.96,4.83,4.83,4.83,4300.0
1183,2020-09-29,4.88,5.13,4.85,4.88,4.88,2300.0
1184,2020-09-30,5.07,5.07,4.9,4.95,4.95,3500.0
1185,2020-10-01,5.14,5.15,4.83,4.9,4.9,3000.0
1186,2020-10-02,4.9,4.9,4.85,4.85,4.85,1300.0
1187,2020-10-05,4.86,4.88,4.86,4.88,4.88,400.0
1188,2020-10-06,4.86,4.86,4.84,4.85,4.85,1400.0
1189,2020-10-07,4.88,4.88,4.84,4.84,4.84,400.0
1190,2020-10-08,4.85,5.03,4.85,5.03,5.03,600.0
1191,2020-10-09,5.03,5.28,5.0,5.0,5.0,4200.0
1192,2020-10-13,4.83,5.5,4.83,5.33,5.33,21900.0
1193,2020-10-14,5.35,5.35,5.05,5.05,5.05,3700.0
1194,2020-10-15,5.1,5.1,5.1,5.1,5.1,200.0
1195,2020-10-16,5.26,6.3,5.2,5.34,5.34,29500.0
1196,2020-10-19,5.33,5.35,5.0,5.05,5.05,12700.0
1197,2020-10-20,5.2,5.2,5.1,5.11,5.11,300.0
1198,2020-10-21,5.15,5.15,5.03,5.11,5.11,2300.0
1199,2020-10-22,5.15,5.25,5.0,5.0,5.0,2400.0
1200,2020-10-23,5.0,5.0,5.0,5.0,5.0,100.0
1201,2020-10-26,5.0,5.24,5.0,5.18,5.18,1200.0
1202,2020-10-27,5.02,5.18,5.02,5.18,5.18,500.0
1203,2020-10-28,5.01,5.01,5.0,5.0,5.0,2000.0
1204,2020-10-29,5.0,5.16,5.0,5.16,5.16,1400.0
1205,2020-10-30,5.01,5.01,5.0,5.0,5.0,1100.0
1206,2020-11-03,5.0,5.12,5.0,5.12,5.12,2000.0
1207,2020-11-04,5.08,5.1,5.05,5.1,5.1,400.0
1208,2020-11-05,5.1,5.15,5.1,5.15,5.15,1400.0
1209,2020-11-06,5.16,5.18,5.1,5.1,5.1,3600.0
1210,2020-11-09,5.05,5.05,5.05,5.05,5.05,100.0
1211,2020-11-10,5.05,5.29,5.05,5.16,5.16,1400.0
1212,2020-11-11,5.1,5.1,5.1,5.1,5.1,400.0
1213,2020-11-12,5.0,5.25,4.98,5.1,5.1,4500.0
1214,2020-11-13,5.25,5.26,5.24,5.26,5.26,1100.0
1215,2020-11-16,5.2,5.2,5.2,5.2,5.2,4200.0
1216,2020-11-17,5.15,5.39,5.1,5.39,5.39,1500.0
1217,2020-11-18,5.22,5.25,5.2,5.22,5.22,6300.0
1218,2020-11-19,5.16,5.25,5.15,5.24,5.24,2600.0
1219,2020-11-23,5.24,5.38,5.2,5.2,5.2,3200.0
1220,2020-11-24,5.2,5.27,5.15,5.27,5.27,7600.0
1221,2020-11-25,5.27,5.27,5.27,5.27,5.27,0.0
1222,2020-11-26,5.15,5.22,5.11,5.22,5.22,1000.0
1223,2020-11-27,5.2,5.32,4.91,5.14,5.14,36400.0
1224,2020-11-30,5.15,5.24,5.15,5.24,5.24,500.0
1225,2020-12-01,5.24,5.24,5.24,5.24,5.24,0.0
1226,2020-12-02,5.2,5.69,5.0,5.31,5.31,43000.0
1227,2020-12-03,5.48,5.9,5.21,5.28,5.28,72900.0
1228,2020-12-04,5.28,5.57,5.28,5.29,5.29,16500.0
1229,2020-12-07,5.31,5.5,5.21,5.39,5.39,18700.0
1230,2020-12-08,5.29,5.36,5.25,5.35,5.35,15300.0
1231,2020-12-09,5.26,5.41,5.26,5.26,5.26,6200.0
1232,2020-12-10,5.26,5.7,5.2,5.68,5.68,21900.0
1233,2020-12-11,5.68,5.89,5.4,5.8,5.8,34200.0
1234,2020-12-14,5.94,6.25,5.63,6.15,6.15,27800.0
1235,2020-12-15,6.15,6.45,5.93,6.2,6.2,42200.0
1236,2020-12-16,6.4,7.0,6.18,6.9,6.9,76800.0
1237,2020-12-17,7.12,8.5,5.91,5.91,5.91,276700.0
1238,2020-12-18,6.05,6.5,5.45,5.68,5.68,190600.0
1239,2020-12-21,5.6,5.65,5.33,5.45,5.45,34400.0
1240,2020-12-22,5.63,5.75,5.4,5.47,5.47,17000.0
1241,2020-12-23,5.38,5.7,5.1,5.45,5.45,13600.0
1242,2020-12-28,5.45,5.91,5.36,5.41,5.41,8100.0
1243,2020-12-29,5.5,5.68,5.38,5.52,5.52,21100.0
1244,2020-12-30,5.57,5.84,5.46,5.79,5.79,20600.0
1245,2021-01-04,5.78,5.78,5.54,5.54,5.54,9800.0
1246,2021-01-05,5.52,5.73,5.2,5.47,5.47,37100.0
1247,2021-01-06,5.4,5.8,5.39,5.71,5.71,30100.0
1248,2021-01-07,5.96,6.07,5.63,5.7,5.7,32700.0
1249,2021-01-08,5.83,6.78,5.8,6.52,6.52,75800.0
1250,2021-01-11,6.6,7.5,6.49,6.64,6.64,79500.0
1251,2021-01-12,6.75,7.84,6.42,7.55,7.55,147300.0
1252,2021-01-13,7.8,8.74,7.16,8.4,8.4,193500.0
1253,2021-01-14,8.7,8.85,7.85,8.2,8.2,155000.0
1254,2021-01-15,8.3,8.97,7.86,8.57,8.57,74800.0
1255,2021-01-18,8.63,9.5,8.4,8.8,8.8,78900.0
1256,2021-01-19,9.29,9.5,8.0,8.04,8.04,101700.0
1257,2021-01-20,8.39,8.39,7.47,7.76,7.76,55300.0
1258,2021-01-21,7.76,8.29,7.7,8.15,8.15,25200.0
1259,2021-01-22,8.2,8.2,7.71,7.89,7.89,33600.0
1260,2021-01-26,7.89,8.12,7.69,7.69,7.69,16400.0
1261,2021-01-27,7.6,8.09,7.59,7.86,7.86,8200.0
1262,2021-01-28,7.96,8.08,7.72,7.89,7.89,20800.0
1263,2021-01-29,7.77,8.45,7.77,8.42,8.42,34700.0
1264,2021-02-01,8.62,8.88,8.2,8.54,8.54,16200.0
1265,2021-02-02,8.54,8.89,8.0,8.24,8.24,58300.0
1266,2021-02-03,8.52,8.52,8.02,8.02,8.02,39900.0
1267,2021-02-04,8.14,8.5,8.09,8.16,8.16,49300.0
1268,2021-02-05,8.23,8.27,7.97,8.06,8.06,19900.0
1269,2021-02-08,8.1,8.18,7.74,7.74,7.74,10600.0
1270,2021-02-09,7.81,7.91,7.59,7.59,7.59,10600.0
1271,2021-02-10,7.59,7.88,7.48,7.84,7.84,15900.0
1272,2021-02-11,7.84,8.1,7.82,7.97,7.97,16000.0
1273,2021-02-12,7.99,8.14,7.63,7.68,7.68,10300.0
1274,2021-02-17,,,,,,
1275,2021-02-18,7.96,8.1,7.75,8.07,8.07,16100.0
1276,2021-02-19,8.07,8.73,7.87,7.88,7.88,71300.0
1277,2021-02-22,7.88,7.88,7.4,7.66,7.66,26100.0
1278,2021-02-23,7.98,7.98,7.66,7.88,7.88,10700.0
1279,2021-02-24,7.9,7.9,7.73,7.84,7.84,4700.0
1280,2021-02-25,7.84,7.9,7.5,7.5,7.5,19500.0
1281,2021-02-26,7.87,7.89,7.25,7.66,7.66,17700.0
1282,2021-03-01,7.77,7.87,7.71,7.8,7.8,6300.0
1283,2021-03-02,7.86,8.5,7.51,8.44,8.44,28900.0
1284,2021-03-03,8.67,8.67,8.08,8.35,8.35,7700.0
1285,2021-03-04,8.0,8.9,8.0,8.53,8.53,30700.0
1286,2021-03-05,8.16,8.73,8.11,8.11,8.11,9000.0
1287,2021-03-08,8.57,9.35,8.04,8.22,8.22,64000.0
1288,2021-03-09,8.49,8.58,7.98,8.09,8.09,29200.0
1289,2021-03-10,8.15,8.4,8.0,8.11,8.11,16100.0
1290,2021-03-11,8.29,8.38,8.01,8.34,8.34,11400.0
1291,2021-03-12,8.25,8.49,8.14,8.14,8.14,16600.0
1292,2021-03-15,8.19,8.77,8.19,8.63,8.63,17100.0
1293,2021-03-16,8.84,8.84,8.35,8.6,8.6,6400.0
1294,2021-03-17,8.69,8.78,8.33,8.47,8.47,13900.0
1295,2021-03-18,8.73,8.73,8.25,8.38,8.38,29300.0
1296,2021-03-19,8.45,8.45,8.2,8.24,8.24,20200.0
1297,2021-03-22,8.42,8.45,8.25,8.36,8.36,8400.0
1298,2021-03-23,8.44,8.79,8.3,8.47,8.47,8400.0
1299,2021-03-24,8.49,8.49,8.15,8.15,8.15,10500.0
1300,2021-03-25,8.4,12.64,8.4,12.35,12.35,91000.0
1301,2021-03-26,11.7,12.35,10.0,11.69,11.69,122000.0
1302,2021-03-29,11.5,11.5,10.5,11.26,11.26,9400.0
1303,2021-03-30,11.4,11.78,10.89,11.3,11.3,30500.0
1304,2021-03-31,11.43,17.879999,11.43,16.9,16.9,222800.0
1305,2021-04-01,16.33,17.5,14.2,14.56,14.56,251000.0
1306,2021-04-05,13.5,14.84,13.0,13.48,13.48,69300.0
1307,2021-04-06,13.63,18.0,13.63,15.14,15.14,567800.0
1308,2021-04-07,15.2,16.690001,14.65,15.3,15.3,168700.0
1309,2021-04-08,15.31,15.97,14.0,15.48,15.48,42600.0
1310,2021-04-09,15.15,15.68,14.9,14.9,14.9,8300.0
1311,2021-04-12,15.11,16.0,14.8,15.22,15.22,77400.0
1312,2021-04-13,15.41,16.870001,15.12,15.78,15.78,47300.0
1313,2021-04-14,15.9,16.0,15.23,15.24,15.24,20700.0
1314,2021-04-15,15.84,16.299999,15.15,15.84,15.84,48300.0
1315,2021-04-16,15.91,16.549999,15.05,16.23,16.23,66500.0
1316,2021-04-19,16.43,17.5,16.110001,16.41,16.41,43400.0
1317,2021-04-20,16.959999,17.6,16.35,16.700001,16.700001,23500.0
1318,2021-04-22,16.860001,17.969999,16.4,16.5,16.5,55700.0
1319,2021-04-23,16.719999,17.5,16.5,16.799999,16.799999,33400.0
1320,2021-04-26,17.0,17.469999,16.200001,16.76,16.76,11000.0
1321,2021-04-27,16.959999,17.040001,16.0,17.0,17.0,40800.0
1322,2021-04-28,17.0,17.290001,16.43,16.43,16.43,31000.0
1323,2021-04-29,16.43,16.799999,16.0,16.4,16.4,15100.0
1324,2021-04-30,16.610001,16.610001,15.53,16.09,16.09,9700.0
1325,2021-05-03,16.49,16.49,14.5,14.5,14.5,31900.0
1326,2021-05-04,14.5,15.92,13.3,14.79,14.79,44100.0
1327,2021-05-05,14.89,15.29,14.0,14.0,14.0,22800.0
1328,2021-05-06,14.66,15.0,14.2,14.38,14.38,20800.0
1329,2021-05-07,14.45,14.7,14.21,14.42,14.42,5900.0
1330,2021-05-10,14.61,15.0,14.59,14.9,14.9,7100.0
1331,2021-05-11,14.94,15.55,14.6,15.0,15.0,17000.0
1332,2021-05-12,15.18,15.18,14.2,14.48,14.48,7600.0
1333,2021-05-13,14.39,14.63,12.52,12.96,12.96,36200.0
1334,2021-05-14,13.23,13.39,12.79,13.0,13.0,12000.0
1335,2021-05-17,13.49,13.99,12.88,13.15,13.15,12100.0
1336,2021-05-18,13.29,13.97,13.29,13.78,13.78,15200.0
1337,2021-05-19,13.59,14.17,13.59,13.9,13.9,11800.0
1338,2021-05-20,14.14,14.37,13.81,14.18,14.18,11000.0
1339,2021-05-21,14.24,14.28,13.7,14.18,14.18,11800.0
1340,2021-05-24,14.19,14.74,13.74,14.0,14.0,20800.0
1341,2021-05-25,14.11,14.68,13.67,14.31,14.31,29400.0
1342,2021-05-26,14.58,15.0,13.87,14.25,14.25,20900.0
1343,2021-05-27,14.26,14.55,13.91,14.15,14.15,8200.0
1344,2021-05-28,14.03,14.43,13.69,14.35,14.35,16200.0
1345,2021-05-31,14.39,15.45,14.0,14.16,14.16,58800.0
1346,2021-06-01,14.49,14.49,13.57,14.16,14.16,19200.0
1347,2021-06-02,14.31,14.31,13.71,14.18,14.18,7400.0
1348,2021-06-04,13.6,14.17,13.31,13.45,13.45,37800.0
1349,2021-06-07,13.79,13.99,13.14,13.68,13.68,30200.0
1350,2021-06-08,13.64,13.68,13.04,13.16,13.16,10000.0
1351,2021-06-09,13.2,13.94,13.0,13.71,13.71,24500.0
1352,2021-06-10,13.86,14.5,13.18,13.18,13.18,33800.0
1353,2021-06-11,13.53,13.56,12.76,12.81,12.81,25300.0
1354,2021-06-14,12.86,13.13,12.84,12.91,12.91,9500.0
1355,2021-06-15,12.78,13.97,12.73,13.93,13.93,13600.0
1356,2021-06-16,13.86,13.97,13.28,13.53,13.53,5600.0
1357,2021-06-17,13.49,13.53,13.05,13.29,13.29,5800.0
1358,2021-06-18,13.28,13.4,12.84,13.03,13.03,6900.0
1359,2021-06-21,12.7,13.26,12.7,13.05,13.05,3300.0
1360,2021-06-22,13.11,13.71,13.01,13.55,13.55,21400.0
1361,2021-06-23,13.08,13.79,13.08,13.67,13.67,15700.0
1362,2021-06-24,13.64,13.82,13.23,13.64,13.64,19400.0
1363,2021-06-25,13.58,14.35,13.5,13.95,13.95,32800.0
1364,2021-06-28,14.38,14.46,13.82,13.97,13.97,13000.0
1365,2021-06-29,13.34,14.19,13.34,14.09,14.09,8300.0
1366,2021-06-30,14.09,14.12,13.78,13.99,13.99,8300.0
1367,2021-07-01,13.84,14.8,13.84,14.78,14.78,37100.0
1368,2021-07-02,14.82,16.129999,14.78,15.37,15.37,80300.0
1369,2021-07-05,15.7,15.79,14.31,14.85,14.85,20600.0
1370,2021-07-06,14.85,15.43,13.7,13.9,13.9,37200.0
1371,2021-07-07,13.89,14.98,12.8,13.47,13.47,37100.0
1372,2021-07-08,13.6,13.6,12.65,13.01,13.01,20400.0
1373,2021-07-12,12.99,13.9,12.99,13.59,13.59,12100.0
1374,2021-07-13,13.9,15.73,13.9,15.61,15.61,248700.0
1375,2021-07-14,15.41,15.85,14.03,14.3,14.3,143000.0
1376,2021-07-15,14.52,14.91,13.36,13.36,13.36,59900.0
1377,2021-07-16,13.77,14.06,13.2,13.23,13.23,33400.0
1378,2021-07-19,13.63,14.0,13.06,13.45,13.45,35200.0
1379,2021-07-20,13.29,14.57,13.07,14.22,14.22,97900.0
1380,2021-07-21,14.5,14.97,13.1,14.25,14.25,59500.0
1381,2021-07-22,14.3,14.45,13.51,14.0,14.0,46200.0
1382,2021-07-23,13.85,14.68,13.7,14.68,14.68,58400.0
1383,2021-07-26,14.68,14.9,14.13,14.13,14.13,21100.0
1384,2021-07-27,14.89,15.55,14.5,14.69,14.69,50200.0
1385,2021-07-28,14.89,15.65,14.77,15.09,15.09,32800.0
1386,2021-07-29,15.09,15.84,14.74,14.82,14.82,36900.0
1387,2021-07-30,14.95,15.75,14.0,14.0,14.0,33900.0
1388,2021-08-02,14.56,15.11,13.52,14.06,14.06,36900.0
1389,2021-08-03,14.31,14.31,13.5,13.5,13.5,15800.0
1390,2021-08-04,13.75,14.98,13.65,13.91,13.91,71700.0
1391,2021-08-05,14.09,15.2,13.8,15.09,15.09,80600.0
1392,2021-08-06,15.11,15.63,14.8,15.2,15.2,32500.0
1393,2021-08-09,15.37,15.48,15.1,15.3,15.3,4000.0
1394,2021-08-10,15.39,15.83,15.2,15.44,15.44,21800.0
1395,2021-08-11,15.44,15.99,15.1,15.35,15.35,21500.0
1396,2021-08-12,15.36,15.65,14.34,14.6,14.6,13400.0
1397,2021-08-13,14.33,15.42,14.32,14.7,14.7,15200.0
1398,2021-08-16,14.89,15.11,13.21,13.67,13.67,29400.0
1399,2021-08-17,13.63,13.98,13.45,13.79,13.79,8000.0
1400,2021-08-18,13.6,15.47,13.46,14.35,14.35,26600.0
1401,2021-08-19,14.52,15.0,14.14,14.8,14.8,24000.0
1402,2021-08-20,14.92,15.89,13.75,13.76,13.76,84200.0
1403,2021-08-23,13.83,14.11,13.66,13.66,13.66,18600.0
1404,2021-08-24,13.66,13.77,13.27,13.37,13.37,27500.0
1405,2021-08-25,13.44,14.04,13.44,13.72,13.72,16200.0
1406,2021-08-26,13.85,13.85,13.58,13.6,13.6,2300.0
1407,2021-08-27,13.79,13.79,13.0,13.5,13.5,14300.0
1408,2021-08-30,13.69,13.98,13.56,13.62,13.62,11300.0
1409,2021-08-31,13.69,13.99,13.31,13.53,13.53,11600.0
1410,2021-09-01,13.87,13.97,13.48,13.7,13.7,19500.0
1411,2021-09-02,13.84,13.94,12.5,12.7,12.7,47100.0
1412,2021-09-03,12.84,13.41,12.21,12.5,12.5,38800.0
1413,2021-09-06,12.69,12.99,12.4,12.54,12.54,19100.0
1414,2021-09-08,12.59,13.36,11.7,12.0,12.0,24100.0
1415,2021-09-09,12.39,13.24,12.34,12.69,12.69,13100.0
1416,2021-09-10,12.69,13.47,12.69,13.05,13.05,26700.0
1417,2021-09-13,13.14,13.43,12.71,13.02,13.02,8300.0
1418,2021-09-14,13.36,13.36,12.87,12.87,12.87,6700.0
1419,2021-09-15,13.25,13.89,13.15,13.74,13.74,38100.0
1420,2021-09-16,13.94,15.28,13.5,15.09,15.09,196600.0
1421,2021-09-17,15.1,17.99,15.1,17.99,17.99,169300.0
1422,2021-09-20,17.82,23.969999,16.5,23.219999,23.219999,106700.0
1423,2021-09-21,23.200001,28.0,22.040001,25.690001,25.690001,297900.0
1424,2021-09-22,25.92,26.049999,23.34,24.99,24.99,134700.0
1425,2021-09-23,24.99,25.85,24.629999,24.889999,24.889999,51300.0
1426,2021-09-24,25.0,25.67,23.200001,24.24,24.24,52400.0
1427,2021-09-27,24.860001,24.950001,22.65,23.1,23.1,19500.0
1428,2021-09-28,23.1,26.1,21.6,25.299999,25.299999,83300.0
1429,2021-09-29,25.280001,27.0,23.5,24.91,24.91,40100.0
1430,2021-09-30,25.200001,25.59,23.07,24.6,24.6,16700.0
1431,2021-10-01,25.4,25.4,24.0,24.870001,24.870001,23300.0
1432,2021-10-04,24.879999,25.190001,24.1,25.190001,25.190001,4300.0
1433,2021-10-05,25.01,25.049999,24.26,24.26,24.26,9200.0
1434,2021-10-06,24.950001,25.17,23.5,24.709999,24.709999,15400.0
1435,2021-10-07,24.360001,25.190001,23.639999,25.17,25.17,2200.0
1436,2021-10-08,25.299999,25.299999,24.4,24.9,24.9,5300.0
1437,2021-10-11,24.6,24.889999,24.209999,24.790001,24.790001,3100.0
1438,2021-10-13,24.940001,24.940001,24.42,24.5,24.5,1500.0
1439,2021-10-14,24.549999,30.5,24.549999,29.379999,29.379999,144400.0
1440,2021-10-15,29.49,29.6,26.76,27.0,27.0,43500.0
1441,2021-10-18,27.0,27.0,25.530001,26.690001,26.690001,28200.0
1442,2021-10-19,27.0,27.0,24.9,25.23,25.23,22700.0
1443,2021-10-20,25.4,25.870001,24.700001,25.290001,25.290001,5100.0
1444,2021-10-21,24.5,25.07,22.0,22.0,22.0,20900.0
1445,2021-10-22,22.559999,23.5,19.030001,21.57,21.57,17300.0
