,Date,Open,High,Low,Close,Adj Close,Volume
0,2016-01-04,3.024,3.024,3.024,3.024,2.01705,0.0
1,2016-01-05,3.024,3.024,3.024,3.024,2.01705,0.0
2,2016-01-06,3.024,3.024,3.024,3.024,2.01705,0.0
3,2016-01-07,3.024,3.024,3.024,3.024,2.01705,0.0
4,2016-01-08,3.024,3.024,3.024,3.024,2.01705,0.0
5,2016-01-11,3.024,3.024,3.024,3.024,2.01705,0.0
6,2016-01-12,3.024,3.024,3.024,3.024,2.01705,0.0
7,2016-01-13,3.024,3.024,3.024,3.024,2.01705,0.0
8,2016-01-14,2.4,2.4,2.4,2.4,1.600833,1250.0
9,2016-01-15,2.4,2.4,2.4,2.4,1.600833,0.0
10,2016-01-18,2.4,2.4,2.4,2.4,1.600833,0.0
11,2016-01-19,2.4,2.4,2.4,2.4,1.600833,0.0
12,2016-01-20,2.4,2.4,2.4,2.4,1.600833,0.0
13,2016-01-21,2.4,2.4,2.4,2.4,1.600833,0.0
14,2016-01-22,2.4,2.4,2.4,2.4,1.600833,0.0
15,2016-01-26,2.4,2.4,2.4,2.4,1.600833,0.0
16,2016-01-27,2.4,2.4,2.4,2.4,1.600833,0.0
17,2016-01-28,2.4,2.4,2.4,2.4,1.600833,0.0
18,2016-01-29,2.4,2.4,2.4,2.4,1.600833,0.0
19,2016-02-01,2.4,2.4,2.4,2.4,1.600833,0.0
20,2016-02-02,2.4,2.4,2.4,2.4,1.600833,0.0
21,2016-02-03,2.4,2.4,2.4,2.4,1.600833,0.0
22,2016-02-04,2.4,2.4,2.4,2.4,1.600833,0.0
23,2016-02-05,2.4,2.4,2.4,2.4,1.600833,0.0
24,2016-02-10,2.4,2.4,2.4,2.4,1.600833,0.0
25,2016-02-11,2.4,2.4,2.4,2.4,1.600833,0.0
26,2016-02-12,2.4,2.4,2.4,2.4,1.600833,0.0
27,2016-02-15,2.4,2.4,2.4,2.4,1.600833,0.0
28,2016-02-16,2.4,2.4,2.4,2.4,1.600833,0.0
29,2016-02-17,2.4,2.4,2.4,2.4,1.600833,0.0
30,2016-02-18,2.4,2.4,2.4,2.4,1.600833,0.0
31,2016-02-19,2.4,2.4,2.4,2.4,1.600833,0.0
32,2016-02-22,2.4,2.4,2.4,2.4,1.600833,0.0
33,2016-02-23,2.4,2.4,2.4,2.4,1.600833,0.0
34,2016-02-24,2.4,2.4,2.4,2.4,1.600833,0.0
35,2016-02-25,2.4,2.4,2.4,2.4,1.600833,0.0
36,2016-02-26,2.56,2.56,2.56,2.56,1.707555,125.0
37,2016-02-29,2.56,2.56,2.56,2.56,1.707555,0.0
38,2016-03-01,2.56,2.56,2.56,2.56,1.707555,0.0
39,2016-03-02,2.56,2.56,2.56,2.56,1.707555,0.0
40,2016-03-03,2.552,2.72,2.4,2.4,1.600833,1250.0
41,2016-03-04,2.4,2.4,2.4,2.4,1.600833,0.0
42,2016-03-07,2.4,2.4,2.4,2.4,1.600833,0.0
43,2016-03-08,2.4,2.4,2.4,2.4,1.600833,0.0
44,2016-03-09,2.4,2.4,2.4,2.4,1.600833,0.0
45,2016-03-10,2.4,2.4,2.4,2.4,1.600833,0.0
46,2016-03-11,2.4,2.4,2.4,2.4,1.600833,0.0
47,2016-03-14,2.24,2.24,1.92,1.92,1.280666,4875.0
48,2016-03-15,1.92,1.92,1.92,1.92,1.280666,0.0
49,2016-03-16,1.92,1.92,1.92,1.92,1.280666,0.0
50,2016-03-17,1.6,1.6,1.6,1.6,1.067222,5000.0
51,2016-03-18,1.36,1.36,1.28,1.28,0.853778,21250.0
52,2016-03-21,1.28,1.28,1.28,1.28,0.853778,159000.0
53,2016-03-22,1.416,1.44,1.36,1.432,0.955164,214125.0
54,2016-03-23,1.56,1.76,1.456,1.56,1.040541,146750.0
55,2016-03-24,1.2,1.272,1.192,1.2,0.800416,2093375.0
56,2016-03-28,1.232,1.264,1.2,1.232,0.821761,45750.0
57,2016-03-29,1.232,1.24,1.184,1.2,0.800416,19750.0
58,2016-03-30,1.16,1.232,1.128,1.128,0.752392,18375.0
59,2016-03-31,1.136,1.192,1.128,1.192,0.79508,13750.0
60,2016-04-01,1.136,1.232,1.136,1.176,0.784408,17000.0
61,2016-04-04,1.24,1.272,1.2,1.2,0.800416,8250.0
62,2016-04-05,1.192,1.272,1.16,1.24,0.827097,19250.0
63,2016-04-06,1.24,1.24,1.24,1.24,0.827097,0.0
64,2016-04-07,1.272,1.272,1.24,1.24,0.827097,6875.0
65,2016-04-08,1.232,1.352,1.232,1.328,0.885794,114750.0
66,2016-04-11,1.36,1.52,1.36,1.48,0.98718,23250.0
67,2016-04-12,1.544,1.544,1.504,1.504,1.003189,3750.0
68,2016-04-13,1.504,1.544,1.448,1.52,1.013861,18375.0
69,2016-04-14,1.504,1.536,1.504,1.536,1.024533,9625.0
70,2016-04-15,1.536,1.536,1.536,1.536,1.024533,0.0
71,2016-04-18,1.592,1.704,1.592,1.704,1.136592,8375.0
72,2016-04-19,1.736,1.912,1.688,1.688,1.125919,7750.0
73,2016-04-20,1.64,1.64,1.64,1.64,1.093902,2875.0
74,2016-04-22,1.64,1.752,1.64,1.752,1.168608,10000.0
75,2016-04-25,1.752,1.752,1.752,1.752,1.168608,0.0
76,2016-04-26,1.76,1.76,1.752,1.76,1.173944,1000.0
77,2016-04-27,1.72,1.72,1.696,1.696,1.131255,2625.0
78,2016-04-28,1.76,1.76,1.648,1.656,1.104575,3750.0
79,2016-04-29,1.712,1.76,1.688,1.688,1.273581,9625.0
80,2016-05-02,1.688,1.688,1.688,1.688,1.273581,0.0
81,2016-05-03,1.688,1.688,1.688,1.688,1.273581,0.0
82,2016-05-04,1.688,1.688,1.688,1.688,1.273581,0.0
83,2016-05-05,1.688,1.688,1.688,1.688,1.273581,0.0
84,2016-05-06,1.64,1.76,1.64,1.76,1.327904,3000.0
85,2016-05-09,1.648,1.648,1.632,1.632,1.231329,3250.0
86,2016-05-10,1.632,1.632,1.632,1.632,1.231329,0.0
87,2016-05-11,1.68,1.712,1.64,1.672,1.261509,4000.0
88,2016-05-12,1.672,1.672,1.672,1.672,1.261509,0.0
89,2016-05-13,1.664,1.8,1.664,1.8,1.358084,2750.0
90,2016-05-16,1.912,2.112,1.912,2.0,1.508982,3375.0
91,2016-05-17,2.0,2.0,2.0,2.0,1.508982,0.0
92,2016-05-18,2.0,2.0,2.0,2.0,1.508982,0.0
93,2016-05-19,2.0,2.0,2.0,2.0,1.508982,0.0
94,2016-05-20,1.848,1.848,1.848,1.848,1.394299,125.0
95,2016-05-23,1.848,1.848,1.848,1.848,1.394299,0.0
96,2016-05-24,1.848,1.848,1.848,1.848,1.394299,0.0
97,2016-05-25,2.0,2.072,2.0,2.072,1.563305,4500.0
98,2016-05-27,2.072,2.072,2.072,2.072,1.563305,0.0
99,2016-05-30,2.072,2.072,2.072,2.072,1.563305,0.0
100,2016-05-31,2.072,2.072,2.072,2.072,1.563305,0.0
101,2016-06-01,2.072,2.072,2.072,2.072,1.563305,0.0
102,2016-06-02,1.888,1.936,1.84,1.84,1.388263,71875.0
103,2016-06-03,1.848,1.848,1.84,1.84,1.388263,1375.0
104,2016-06-06,1.872,1.872,1.872,1.872,1.412407,750.0
105,2016-06-07,1.88,2.0,1.88,2.0,1.508982,3375.0
106,2016-06-08,2.016,2.056,2.0,2.056,1.551233,15250.0
107,2016-06-09,2.0,2.056,2.0,2.056,1.551233,6375.0
108,2016-06-10,2.056,2.056,2.056,2.056,1.551233,0.0
109,2016-06-13,2.056,2.056,2.056,2.056,1.551233,0.0
110,2016-06-14,2.056,2.056,2.056,2.056,1.551233,0.0
111,2016-06-15,2.128,2.16,2.128,2.16,1.629701,1375.0
112,2016-06-16,2.16,2.16,2.16,2.16,1.629701,0.0
113,2016-06-17,2.16,2.16,2.16,2.16,1.629701,0.0
114,2016-06-20,2.16,2.16,2.16,2.16,1.629701,0.0
115,2016-06-21,2.12,2.12,2.12,2.12,1.599521,125.0
116,2016-06-22,2.12,2.12,2.12,2.12,1.599521,0.0
117,2016-06-23,2.12,2.12,2.12,2.12,1.599521,0.0
118,2016-06-24,2.12,2.12,2.12,2.12,1.599521,0.0
119,2016-06-27,2.12,2.12,2.12,2.12,1.599521,0.0
120,2016-06-28,2.08,2.112,2.08,2.112,1.593485,750.0
121,2016-06-29,2.112,2.112,2.112,2.112,1.593485,0.0
122,2016-06-30,2.12,2.12,2.08,2.08,1.569341,2000.0
123,2016-07-01,2.152,2.336,2.152,2.336,1.762491,11000.0
124,2016-07-04,2.336,2.336,2.336,2.336,1.762491,0.0
125,2016-07-05,2.328,2.672,2.328,2.36,1.780599,5500.0
126,2016-07-06,2.376,2.56,2.376,2.56,1.931497,7750.0
127,2016-07-07,2.56,2.56,2.552,2.552,1.925461,1375.0
128,2016-07-08,2.552,2.552,2.552,2.552,1.925461,1375.0
129,2016-07-11,2.552,2.56,2.552,2.56,1.931497,1250.0
130,2016-07-12,2.56,2.56,2.56,2.56,1.931497,0.0
131,2016-07-13,2.56,2.56,2.56,2.56,1.931497,0.0
132,2016-07-14,2.552,2.792,2.552,2.704,2.040143,6250.0
133,2016-07-15,2.76,2.8,2.76,2.8,2.112575,2750.0
134,2016-07-18,2.8,2.8,2.8,2.8,2.112575,0.0
135,2016-07-19,2.64,2.8,2.408,2.8,2.112575,7000.0
136,2016-07-20,2.8,3.36,2.8,3.2,2.414371,6625.0
137,2016-07-21,3.2,3.2,3.2,3.2,2.414371,60375.0
138,2016-07-22,3.2,3.2,3.2,3.2,2.414371,0.0
139,2016-07-25,3.2,3.2,3.04,3.2,2.414371,1250.0
140,2016-07-26,3.2,3.2,3.2,3.2,2.414371,1250.0
141,2016-07-27,3.2,3.2,3.12,3.2,2.414371,1250.0
142,2016-07-28,3.28,3.28,3.28,3.28,2.47473,125.0
143,2016-07-29,3.352,3.352,3.2,3.264,2.462658,1375.0
144,2016-08-01,3.44,3.52,3.44,3.52,2.655809,375.0
145,2016-08-02,3.6,3.984,3.6,3.984,3.005892,2250.0
146,2016-08-03,4.0,5.08,4.0,4.24,3.199041,3125.0
147,2016-08-04,4.36,4.792,3.6,3.6,2.716167,10500.0
148,2016-08-05,3.6,3.6,3.6,3.6,2.716167,250.0
149,2016-08-08,3.6,3.6,3.6,3.6,2.716167,0.0
150,2016-08-09,3.76,3.864,3.52,3.824,2.885173,1750.0
151,2016-08-10,3.632,3.632,3.632,3.632,2.740311,2500.0
152,2016-08-11,3.56,3.56,3.44,3.56,2.685988,12000.0
153,2016-08-12,3.56,3.68,3.56,3.56,2.685988,22125.0
154,2016-08-15,3.76,3.84,3.68,3.68,2.776527,1500.0
155,2016-08-16,3.68,3.68,3.68,3.68,2.776527,1500.0
156,2016-08-17,3.6,3.64,3.6,3.64,2.746347,10625.0
157,2016-08-18,3.68,4.4,3.64,3.68,2.776527,3625.0
158,2016-08-19,3.68,4.36,3.68,4.36,3.289581,13750.0
159,2016-08-22,4.36,4.4,4.36,4.4,3.319761,250.0
160,2016-08-23,4.0,4.232,3.92,4.16,3.138682,1875.0
161,2016-08-24,4.24,4.24,4.152,4.152,3.132646,625.0
162,2016-08-25,4.152,4.152,4.152,4.152,3.132646,0.0
163,2016-08-26,4.152,4.152,4.152,4.152,3.132646,0.0
164,2016-08-29,4.12,4.12,4.12,4.12,3.108502,625.0
165,2016-08-30,4.12,4.12,4.12,4.12,3.108502,0.0
166,2016-08-31,4.12,4.12,4.12,4.12,3.108502,0.0
167,2016-09-01,4.112,4.12,4.112,4.12,3.108502,1625.0
168,2016-09-02,4.12,4.12,4.12,4.12,3.108502,2250.0
169,2016-09-05,4.152,4.152,4.128,4.128,3.114538,250.0
170,2016-09-06,4.128,4.4,4.128,4.4,3.319761,3125.0
171,2016-09-08,4.168,4.8,4.168,4.392,3.313725,15750.0
172,2016-09-09,4.392,4.392,4.392,4.392,3.313725,0.0
173,2016-09-12,5.12,5.12,5.12,5.12,3.862994,125.0
174,2016-09-13,5.12,5.12,5.12,5.12,3.862994,0.0
175,2016-09-14,5.12,5.12,5.12,5.12,3.862994,0.0
176,2016-09-15,4.88,4.88,4.88,4.88,3.681916,750.0
177,2016-09-16,4.792,4.792,4.792,4.792,3.61552,125.0
178,2016-09-19,4.792,4.792,4.792,4.792,3.61552,0.0
179,2016-09-20,4.248,4.56,4.24,4.4,3.319761,215500.0
180,2016-09-21,4.56,5.12,4.56,5.12,3.862994,500.0
181,2016-09-22,4.912,4.96,4.88,4.944,3.730203,2000.0
182,2016-09-23,4.832,4.832,4.32,4.56,3.440479,15875.0
183,2016-09-26,4.8,4.8,4.176,4.176,3.150754,3625.0
184,2016-09-27,4.072,4.072,4.032,4.032,3.042108,2625.0
185,2016-09-28,4.0,4.0,3.84,3.976,2.999856,4375.0
186,2016-09-29,3.976,3.976,3.976,3.976,2.999856,0.0
187,2016-09-30,4.072,4.224,4.072,4.224,3.18697,1375.0
188,2016-10-03,4.24,4.24,3.84,3.84,2.897246,4875.0
189,2016-10-04,3.88,3.912,3.84,3.84,2.897246,2625.0
190,2016-10-05,3.832,3.832,3.68,3.76,2.836886,3375.0
191,2016-10-06,3.76,3.76,3.76,3.76,2.836886,0.0
192,2016-10-07,3.592,3.592,3.52,3.52,2.655809,500.0
193,2016-10-10,3.52,3.52,3.52,3.52,2.655809,0.0
194,2016-10-11,3.6,3.6,3.52,3.52,2.655809,1500.0
195,2016-10-13,3.584,4.384,3.584,4.384,3.307689,2500.0
196,2016-10-14,3.992,3.992,3.992,3.992,3.011928,125.0
197,2016-10-17,3.6,3.6,3.592,3.6,2.716167,7500.0
198,2016-10-18,3.68,3.68,3.6,3.6,2.716167,1625.0
199,2016-10-19,3.6,3.6,3.52,3.52,2.655809,3250.0
200,2016-10-20,3.48,3.48,3.4,3.4,2.565269,7500.0
201,2016-10-21,3.44,3.6,3.44,3.6,2.716167,5125.0
202,2016-10-24,3.88,4.296,3.88,4.16,3.138682,2750.0
203,2016-10-25,4.0,4.0,3.992,4.0,3.017964,750.0
204,2016-10-26,4.0,4.0,4.0,4.0,3.017964,0.0
205,2016-10-27,4.0,4.0,4.0,4.0,3.017964,0.0
206,2016-10-28,4.0,4.0,4.0,4.0,3.017964,0.0
207,2016-10-31,4.08,4.08,4.0,4.0,3.017964,1125.0
208,2016-11-01,3.92,3.92,3.92,3.92,2.957604,125.0
209,2016-11-03,3.92,3.92,3.92,3.92,2.957604,0.0
210,2016-11-04,4.0,4.168,4.0,4.168,3.144719,1125.0
211,2016-11-07,4.0,4.08,4.0,4.08,3.078323,12875.0
212,2016-11-08,4.0,4.0,3.92,4.0,3.017964,625.0
213,2016-11-09,4.0,4.0,4.0,4.0,3.017964,625.0
214,2016-11-10,4.0,4.0,4.0,4.0,3.017964,1625.0
215,2016-11-11,4.0,4.08,4.0,4.04,3.048143,5125.0
216,2016-11-14,4.04,4.04,4.0,4.0,3.017964,16125.0
217,2016-11-16,4.032,4.36,4.0,4.0,3.017964,19875.0
218,2016-11-17,4.0,4.0,4.0,4.0,3.017964,0.0
219,2016-11-18,4.16,4.24,4.16,4.24,3.199041,250.0
220,2016-11-21,4.24,4.24,4.24,4.24,3.199041,0.0
221,2016-11-22,4.24,4.24,4.24,4.24,3.199041,0.0
222,2016-11-23,4.24,4.24,4.24,4.24,3.199041,0.0
223,2016-11-24,4.24,4.24,4.24,4.24,3.199041,0.0
224,2016-11-25,4.32,4.32,4.24,4.24,3.199041,500.0
225,2016-11-28,4.24,4.24,4.24,4.24,3.199041,0.0
226,2016-11-29,4.24,4.312,4.208,4.312,3.253365,1250.0
227,2016-11-30,4.32,4.792,4.32,4.792,3.61552,1250.0
228,2016-12-01,4.792,4.792,4.792,4.792,3.61552,0.0
229,2016-12-02,4.792,4.792,4.792,4.792,3.61552,0.0
230,2016-12-05,4.64,4.64,4.64,4.64,3.500837,125.0
231,2016-12-06,4.64,4.64,4.48,4.56,3.440479,1250.0
232,2016-12-07,4.4,4.4,4.4,4.4,3.319761,375.0
233,2016-12-08,4.56,4.56,4.4,4.56,3.440479,2375.0
234,2016-12-09,4.56,4.56,4.56,4.56,3.440479,0.0
235,2016-12-12,4.56,4.56,4.56,4.56,3.440479,0.0
236,2016-12-13,4.56,4.56,4.56,4.56,3.440479,0.0
237,2016-12-14,4.32,4.32,4.24,4.24,3.199041,625.0
238,2016-12-15,4.24,4.24,4.24,4.24,3.199041,0.0
239,2016-12-16,4.32,4.48,4.32,4.48,3.38012,1250.0
240,2016-12-19,4.48,4.48,4.48,4.48,3.38012,0.0
241,2016-12-20,4.48,4.48,4.48,4.48,3.38012,0.0
242,2016-12-21,4.56,4.56,4.56,4.56,3.440479,625.0
243,2016-12-22,4.48,4.72,4.48,4.72,3.561197,750.0
244,2016-12-23,4.712,4.72,4.712,4.72,3.561197,750.0
245,2016-12-26,4.64,4.64,4.64,4.64,3.500837,500.0
246,2016-12-27,4.688,4.736,4.56,4.736,3.573269,625.0
247,2016-12-28,4.736,4.88,4.736,4.88,3.681916,875.0
248,2016-12-29,4.88,4.96,4.88,4.96,3.742275,375.0
249,2017-01-02,4.68,4.68,4.68,4.68,3.531018,875.0
250,2017-01-03,4.68,4.68,4.68,4.68,3.531018,0.0
251,2017-01-04,4.68,4.68,4.68,4.68,3.531018,0.0
252,2017-01-05,4.68,4.68,4.68,4.68,3.531018,0.0
253,2017-01-06,4.68,4.68,4.68,4.68,3.531018,0.0
254,2017-01-09,4.68,4.68,4.68,4.68,3.531018,0.0
255,2017-01-10,4.4,4.4,4.4,4.4,3.319761,4125.0
256,2017-01-11,4.44,4.44,4.44,4.44,3.34994,375.0
257,2017-01-12,4.44,4.44,4.44,4.44,3.34994,0.0
258,2017-01-13,4.44,4.44,4.44,4.44,3.34994,0.0
259,2017-01-16,4.44,4.44,4.44,4.44,3.34994,0.0
260,2017-01-17,4.44,4.44,4.44,4.44,3.34994,0.0
261,2017-01-18,4.4,4.48,4.4,4.48,3.38012,500.0
262,2017-01-19,4.48,4.48,4.48,4.48,3.38012,0.0
263,2017-01-20,4.48,4.48,4.48,4.48,3.38012,0.0
264,2017-01-23,4.472,4.472,4.472,4.472,3.374083,250.0
265,2017-01-24,4.472,4.472,4.472,4.472,3.374083,0.0
266,2017-01-26,4.472,4.472,4.472,4.472,3.374083,0.0
267,2017-01-27,4.472,4.472,4.472,4.472,3.374083,0.0
268,2017-01-30,4.472,4.472,4.472,4.472,3.374083,0.0
269,2017-01-31,4.472,4.472,4.472,4.472,3.374083,0.0
270,2017-02-01,4.472,4.472,4.472,4.472,3.374083,0.0
271,2017-02-02,4.472,4.472,4.472,4.472,3.374083,0.0
272,2017-02-03,4.472,4.472,4.472,4.472,3.374083,0.0
273,2017-02-06,4.472,4.472,4.472,4.472,3.374083,0.0
274,2017-02-07,4.472,4.472,4.472,4.472,3.374083,0.0
275,2017-02-08,4.472,4.472,4.472,4.472,3.374083,0.0
276,2017-02-09,4.472,4.472,4.472,4.472,3.374083,0.0
277,2017-02-10,4.472,4.472,4.472,4.472,3.374083,0.0
278,2017-02-13,4.472,4.472,4.472,4.472,3.374083,0.0
279,2017-02-14,4.472,4.472,4.472,4.472,3.374083,0.0
280,2017-02-15,4.472,4.472,4.472,4.472,3.374083,0.0
281,2017-02-16,4.472,4.472,4.472,4.472,3.374083,0.0
282,2017-02-17,4.472,4.472,4.472,4.472,3.374083,0.0
283,2017-02-20,4.472,4.472,4.472,4.472,3.374083,0.0
284,2017-02-21,4.472,4.472,4.472,4.472,3.374083,0.0
285,2017-02-22,5.608,7.6,5.608,6.432,4.852886,89625.0
286,2017-02-23,7.088,7.2,5.28,5.4,4.074251,12750.0
287,2017-02-24,5.832,5.832,5.648,5.648,4.261364,2125.0
288,2017-03-01,5.648,5.648,5.648,5.648,4.261364,0.0
289,2017-03-02,5.648,5.648,5.648,5.648,4.261364,0.0
290,2017-03-03,5.648,5.76,5.2,5.76,4.345869,8250.0
291,2017-03-06,5.6,6.792,5.36,5.36,4.044072,6375.0
292,2017-03-07,5.592,5.592,5.256,5.256,3.965605,3500.0
293,2017-03-08,5.24,5.36,5.24,5.28,3.983712,1000.0
294,2017-03-09,5.368,5.368,5.36,5.36,4.044072,250.0
295,2017-03-10,5.392,5.832,5.392,5.52,4.16479,1625.0
296,2017-03-13,5.52,5.52,5.52,5.52,4.16479,0.0
297,2017-03-14,5.52,5.52,5.52,5.52,4.16479,0.0
298,2017-03-15,5.52,5.52,5.52,5.52,4.16479,0.0
299,2017-03-16,5.52,5.52,5.52,5.52,4.16479,0.0
300,2017-03-17,5.296,5.328,5.296,5.328,4.019928,625.0
301,2017-03-20,5.328,5.328,5.328,5.328,4.019928,750.0
302,2017-03-21,5.328,5.328,5.328,5.328,4.019928,2375.0
303,2017-03-22,5.328,5.328,5.328,5.328,4.019928,0.0
304,2017-03-23,5.608,5.608,5.608,5.608,4.231185,250.0
305,2017-03-24,6.176,6.176,6.176,6.176,4.659736,500.0
306,2017-03-27,6.176,6.176,6.176,6.176,4.659736,0.0
307,2017-03-28,6.176,6.176,6.176,6.176,4.659736,0.0
308,2017-03-29,6.176,6.176,6.176,6.176,4.659736,0.0
309,2017-03-30,6.176,6.176,6.176,6.176,4.659736,0.0
310,2017-03-31,5.608,5.608,5.608,5.608,4.231185,250.0
311,2017-04-03,5.608,5.608,5.608,5.608,4.231185,0.0
312,2017-04-04,5.608,6.0,5.608,6.0,4.526945,500.0
313,2017-04-05,6.0,6.0,6.0,6.0,4.526945,0.0
314,2017-04-06,6.0,6.0,6.0,6.0,4.526945,0.0
315,2017-04-07,6.0,6.08,6.0,6.0,4.526945,375.0
316,2017-04-10,6.208,6.32,6.208,6.32,4.768383,500.0
317,2017-04-11,6.32,6.32,6.32,6.32,4.768383,500.0
318,2017-04-12,6.4,6.4,6.4,6.4,4.828743,125.0
319,2017-04-13,6.4,6.8,6.4,6.72,5.070179,4625.0
320,2017-04-17,6.72,6.72,6.72,6.72,5.070179,0.0
321,2017-04-18,6.64,6.64,6.56,6.56,4.94946,3625.0
322,2017-04-19,6.56,6.56,6.56,6.56,4.94946,0.0
323,2017-04-20,6.448,6.56,6.448,6.56,4.94946,2625.0
324,2017-04-24,6.376,6.56,6.376,6.56,4.94946,2000.0
325,2017-04-25,6.632,6.64,6.632,6.64,5.00982,625.0
326,2017-04-26,6.64,6.64,6.64,6.64,5.00982,0.0
327,2017-04-27,7.192,7.208,7.192,7.2,5.432334,9750.0
328,2017-04-28,10.24,10.24,9.24,9.376,7.074107,27375.0
329,2017-05-02,9.528,9.528,9.44,9.52,7.182754,5250.0
330,2017-05-03,9.624,9.68,9.48,9.48,7.152575,13625.0
331,2017-05-04,9.528,9.568,9.512,9.568,7.218969,1875.0
332,2017-05-05,10.432,10.88,10.432,10.88,8.208861,4625.0
333,2017-05-08,10.88,11.2,10.4,11.04,8.329579,7500.0
334,2017-05-09,11.6,11.6,11.6,11.6,8.752094,125.0
335,2017-05-10,11.52,11.552,11.192,11.552,8.71588,3125.0
336,2017-05-11,11.28,11.6,11.28,11.6,8.752094,2625.0
337,2017-05-12,11.2,11.2,11.2,11.2,8.4503,3000.0
338,2017-05-15,10.408,10.704,10.392,10.688,8.063998,19500.0
339,2017-05-16,10.72,10.8,10.72,10.792,8.142467,1875.0
340,2017-05-17,10.8,10.8,10.8,10.8,8.148502,500.0
341,2017-05-18,10.552,10.552,10.48,10.48,7.907065,250.0
342,2017-05-19,10.328,10.56,10.328,10.48,7.907065,1000.0
343,2017-05-22,10.24,10.24,10.24,10.24,7.725988,375.0
344,2017-05-23,10.4,10.56,10.4,10.56,7.967424,375.0
345,2017-05-24,10.64,10.8,10.64,10.8,8.148502,250.0
346,2017-05-25,11.2,11.28,11.2,11.28,8.510657,250.0
347,2017-05-26,11.392,11.392,11.392,11.392,8.595161,125.0
348,2017-05-29,11.392,11.392,11.392,11.392,8.595161,0.0
349,2017-05-30,11.28,11.28,11.28,11.28,8.510657,250.0
350,2017-05-31,11.36,11.36,11.12,11.272,8.504622,375.0
351,2017-06-01,11.2,11.2,10.8,10.8,8.331815,250.0
352,2017-06-02,11.2,11.2,11.2,11.2,8.6404,375.0
353,2017-06-05,11.4,11.4,11.2,11.2,8.6404,1000.0
354,2017-06-06,11.152,11.152,11.152,11.152,8.603369,250.0
355,2017-06-07,10.4,10.4,10.024,10.024,7.733159,4875.0
356,2017-06-08,10.4,10.4,10.4,10.4,8.023229,625.0
357,2017-06-09,10.4,10.4,10.4,10.4,8.023229,0.0
358,2017-06-12,10.0,10.08,9.6,10.08,7.77636,11875.0
359,2017-06-13,10.16,10.24,10.16,10.24,7.899795,250.0
360,2017-06-14,10.32,10.4,10.32,10.4,8.023229,250.0
361,2017-06-15,10.4,10.4,10.4,10.4,8.023229,0.0
362,2017-06-16,10.4,10.48,10.4,10.4,8.023229,2500.0
363,2017-06-19,10.48,10.48,10.48,10.48,8.084945,125.0
364,2017-06-20,10.48,10.56,10.0,10.512,8.109632,1500.0
365,2017-06-21,10.48,10.48,10.4,10.4,8.023229,1125.0
366,2017-06-22,10.32,10.4,10.24,10.24,7.899795,4250.0
367,2017-06-23,10.08,10.24,10.04,10.24,7.899795,5250.0
368,2017-06-26,10.4,10.48,10.4,10.48,8.084945,375.0
369,2017-06-27,10.56,10.56,10.56,10.56,8.146663,125.0
370,2017-06-28,10.56,10.56,10.56,10.56,8.146663,375.0
371,2017-06-29,10.24,10.24,10.0,10.192,7.862764,3250.0
372,2017-06-30,10.16,10.72,10.16,10.72,8.270098,5125.0
373,2017-07-03,10.792,10.792,10.792,10.792,8.325644,125.0
374,2017-07-04,10.64,10.712,10.64,10.712,8.263926,250.0
375,2017-07-05,10.712,10.712,10.712,10.712,8.263926,0.0
376,2017-07-06,10.712,10.712,10.712,10.712,8.263926,0.0
377,2017-07-07,10.712,10.712,10.712,10.712,8.263926,0.0
378,2017-07-10,10.4,10.4,10.12,10.128,7.813389,2125.0
379,2017-07-11,10.24,10.4,10.24,10.4,8.023229,1125.0
380,2017-07-12,10.48,10.48,10.16,10.4,8.023229,1625.0
381,2017-07-13,10.48,10.72,10.48,10.712,8.263926,4250.0
382,2017-07-14,10.712,10.88,10.712,10.88,8.393533,3250.0
383,2017-07-17,10.96,10.96,10.96,10.96,8.455248,125.0
384,2017-07-18,11.04,11.04,10.4,10.8,8.331815,1250.0
385,2017-07-19,10.872,10.872,10.872,10.872,8.38736,125.0
386,2017-07-20,10.96,10.96,10.96,10.96,8.455248,125.0
387,2017-07-21,11.04,11.04,11.04,11.04,8.516965,125.0
388,2017-07-24,10.64,10.64,10.4,10.4,8.023229,5000.0
389,2017-07-25,10.64,10.64,10.536,10.536,8.128147,500.0
390,2017-07-26,10.592,10.592,10.248,10.52,8.115805,1625.0
391,2017-07-27,10.592,10.592,10.32,10.32,7.961512,9375.0
392,2017-07-28,10.24,10.24,9.928,10.16,7.838077,18625.0
393,2017-07-31,10.24,10.392,10.24,10.392,8.017058,1125.0
394,2017-08-01,10.328,10.328,10.328,10.328,7.967684,1125.0
395,2017-08-02,10.328,10.328,10.328,10.328,7.967684,0.0
396,2017-08-03,10.48,11.32,10.48,11.32,8.732976,7125.0
397,2017-08-04,11.44,13.28,11.44,12.4,9.566157,15250.0
398,2017-08-07,12.496,12.496,12.496,12.496,9.640219,1500.0
399,2017-08-08,12.496,12.496,12.48,12.48,9.627873,3625.0
400,2017-08-09,12.48,12.48,12.48,12.48,9.627873,0.0
401,2017-08-10,12.0,12.048,11.992,12.0,9.257571,24875.0
402,2017-08-11,12.16,12.72,12.16,12.72,9.813025,17250.0
403,2017-08-14,13.6,13.608,13.192,13.2,10.183329,10000.0
404,2017-08-15,13.24,13.24,13.04,13.04,10.059895,4000.0
405,2017-08-16,13.192,13.2,13.192,13.2,10.183329,1875.0
406,2017-08-17,13.36,13.36,13.04,13.04,10.059895,1000.0
407,2017-08-18,13.088,13.088,12.8,12.8,9.874744,875.0
408,2017-08-21,12.8,12.8,12.8,12.8,9.874744,750.0
409,2017-08-22,12.816,12.88,12.792,12.792,9.868572,4875.0
410,2017-08-23,12.72,12.72,12.72,12.72,9.813025,250.0
411,2017-08-24,12.8,12.8,12.8,12.8,9.874744,125.0
412,2017-08-25,13.2,13.36,13.2,13.36,10.306764,1125.0
413,2017-08-28,13.52,13.76,13.52,13.76,10.61535,2250.0
414,2017-08-29,13.752,13.76,13.752,13.752,10.609178,1125.0
415,2017-08-30,13.752,13.752,13.752,13.752,10.609178,0.0
416,2017-08-31,13.752,13.752,13.752,13.752,10.609178,125.0
417,2017-09-01,13.6,13.6,13.6,13.6,10.491914,250.0
418,2017-09-04,13.6,13.6,13.6,13.6,10.491914,0.0
419,2017-09-05,13.6,13.6,13.6,13.6,10.491914,0.0
420,2017-09-06,13.6,13.6,13.6,13.6,10.491914,0.0
421,2017-09-07,13.6,13.6,13.6,13.6,10.491914,0.0
422,2017-09-08,13.36,13.36,13.36,13.36,10.306764,1375.0
423,2017-09-11,13.44,14.0,13.44,14.0,10.800499,3875.0
424,2017-09-12,14.0,14.0,14.0,14.0,10.800499,1500.0
425,2017-09-13,14.0,14.0,14.0,14.0,10.800499,0.0
426,2017-09-14,14.0,14.0,14.0,14.0,10.800499,0.0
427,2017-09-15,14.0,14.0,14.0,14.0,10.800499,0.0
428,2017-09-18,14.016,14.016,14.0,14.0,10.800499,1375.0
429,2017-09-19,14.08,14.08,13.84,13.84,10.677067,750.0
430,2017-09-20,14.0,14.0,14.0,14.0,10.800499,250.0
431,2017-09-21,14.0,14.08,13.992,14.08,10.862218,1625.0
432,2017-09-22,14.0,14.0,13.84,13.84,10.677067,1000.0
433,2017-09-25,13.84,13.84,13.6,13.664,10.541287,625.0
434,2017-09-26,13.448,13.448,13.368,13.368,10.312936,625.0
435,2017-09-27,13.376,13.376,13.28,13.28,10.245046,375.0
436,2017-09-28,13.28,13.28,13.28,13.28,10.245046,0.0
437,2017-09-29,13.432,13.432,12.8,13.28,10.245046,2125.0
438,2017-10-02,13.36,13.44,13.36,13.44,10.36848,500.0
439,2017-10-03,13.52,13.52,13.52,13.52,10.430197,250.0
440,2017-10-04,13.52,13.552,13.368,13.552,10.454884,1000.0
441,2017-10-05,13.6,13.6,13.448,13.6,10.491914,1250.0
442,2017-10-06,13.456,13.456,13.296,13.296,10.25739,875.0
443,2017-10-09,13.296,13.296,13.296,13.296,10.25739,0.0
444,2017-10-10,13.2,13.2,13.2,13.2,10.183329,375.0
445,2017-10-11,13.36,13.44,13.2,13.2,10.183329,1125.0
446,2017-10-12,13.2,13.2,13.2,13.2,10.183329,0.0
447,2017-10-13,13.44,13.44,13.2,13.36,10.306764,1000.0
448,2017-10-16,13.44,13.44,13.44,13.44,10.36848,125.0
449,2017-10-17,13.44,13.44,13.44,13.44,10.36848,0.0
450,2017-10-18,13.44,13.44,13.44,13.44,10.36848,0.0
451,2017-10-19,13.2,13.2,13.2,13.2,10.183329,750.0
452,2017-10-20,13.208,13.208,13.2,13.2,10.183329,250.0
453,2017-10-23,13.2,13.2,13.04,13.152,10.146299,500.0
454,2017-10-24,13.28,13.28,12.8,13.072,10.08458,3500.0
455,2017-10-25,13.072,13.072,13.072,13.072,10.08458,0.0
456,2017-10-26,13.2,13.28,13.2,13.28,10.245046,250.0
457,2017-10-27,13.36,13.44,13.36,13.44,10.36848,250.0
458,2017-10-30,13.44,13.44,13.44,13.44,10.36848,0.0
459,2017-10-31,13.28,13.36,13.28,13.36,10.306764,1000.0
460,2017-11-01,13.28,13.28,13.12,13.2,10.183329,500.0
461,2017-11-02,13.2,13.2,13.2,13.2,10.183329,0.0
462,2017-11-03,13.056,13.056,13.056,13.056,10.072236,250.0
463,2017-11-06,13.2,13.2,13.2,13.2,10.183329,125.0
464,2017-11-07,13.048,13.048,12.976,12.976,10.010521,500.0
465,2017-11-08,13.072,13.072,13.072,13.072,10.08458,125.0
466,2017-11-09,13.08,13.2,12.96,13.2,10.183329,625.0
467,2017-11-10,13.2,13.2,13.2,13.2,10.183329,0.0
468,2017-11-13,13.104,13.2,12.8,12.8,9.874744,625.0
469,2017-11-14,12.824,13.36,12.824,13.36,10.306764,1125.0
470,2017-11-15,13.36,13.36,13.36,13.36,10.306764,0.0
471,2017-11-16,13.44,13.44,13.44,13.44,10.36848,125.0
472,2017-11-17,13.592,13.592,13.592,13.592,10.485742,875.0
473,2017-11-20,13.592,13.592,13.592,13.592,10.485742,0.0
474,2017-11-21,13.2,13.592,13.2,13.36,10.306764,1125.0
475,2017-11-22,13.36,13.36,13.36,13.36,10.306764,0.0
476,2017-11-23,13.36,13.36,13.36,13.36,10.306764,0.0
477,2017-11-24,13.352,13.44,13.352,13.44,10.36848,1375.0
478,2017-11-27,13.52,13.52,13.2,13.44,10.36848,750.0
479,2017-11-28,13.44,13.44,13.44,13.44,10.36848,0.0
480,2017-11-29,13.304,13.44,13.304,13.44,10.36848,875.0
481,2017-11-30,13.4,13.4,13.192,13.28,10.245046,625.0
482,2017-12-01,13.12,13.36,12.88,13.36,10.306764,2125.0
483,2017-12-04,13.12,13.2,12.96,13.16,10.15247,1625.0
484,2017-12-05,12.92,12.992,12.92,12.992,10.022864,500.0
485,2017-12-06,12.992,12.992,12.992,12.992,10.022864,0.0
486,2017-12-07,12.4,12.72,12.0,12.72,9.813025,875.0
487,2017-12-08,12.792,12.792,12.472,12.72,9.813025,2250.0
488,2017-12-11,12.72,12.72,12.72,12.72,9.813025,0.0
489,2017-12-12,12.792,12.792,12.008,12.376,9.547642,1500.0
490,2017-12-13,12.24,12.272,12.08,12.272,9.467409,1125.0
491,2017-12-14,11.84,11.984,11.84,11.984,9.245228,500.0
492,2017-12-15,11.88,11.88,11.88,11.88,9.164996,125.0
493,2017-12-18,11.992,11.992,11.992,11.992,9.2514,125.0
494,2017-12-19,11.6,11.992,11.6,11.992,9.2514,1875.0
495,2017-12-20,11.984,11.984,11.984,11.984,9.245228,12500.0
496,2017-12-21,12.0,12.008,12.0,12.0,9.257571,1750.0
497,2017-12-22,12.0,12.0,12.0,12.0,9.257571,0.0
498,2017-12-25,12.0,12.0,12.0,12.0,9.257571,0.0
499,2017-12-26,12.0,12.0,12.0,12.0,9.257571,0.0
500,2017-12-27,12.0,12.0,12.0,12.0,9.257571,1250.0
501,2017-12-28,12.48,12.48,12.48,12.48,9.627873,125.0
502,2017-12-29,12.48,12.48,12.48,12.48,9.627873,0.0
503,2018-01-02,12.48,12.48,12.48,12.48,9.627873,0.0
504,2018-01-03,12.0,12.48,12.0,12.48,9.627873,375.0
505,2018-01-04,12.24,12.88,12.24,12.88,9.93646,5125.0
506,2018-01-05,13.584,13.6,13.584,13.6,10.491914,375.0
507,2018-01-08,13.6,13.6,13.6,13.6,10.491914,0.0
508,2018-01-09,13.6,13.6,13.6,13.6,10.491914,0.0
509,2018-01-10,13.2,13.2,13.2,13.2,10.183329,750.0
510,2018-01-11,13.592,13.68,13.592,13.68,10.553632,2375.0
511,2018-01-12,13.6,13.84,13.6,13.84,10.677067,1000.0
512,2018-01-15,14.12,15.56,14.12,15.44,11.911409,3625.0
513,2018-01-16,15.952,15.952,14.88,14.88,11.479389,9375.0
514,2018-01-17,14.768,14.88,14.6,14.6,11.263379,5250.0
515,2018-01-18,14.712,14.72,14.704,14.72,11.355954,1125.0
516,2018-01-19,14.8,14.8,14.8,14.8,11.417671,250.0
517,2018-01-22,14.88,14.88,14.88,14.88,11.479389,250.0
518,2018-01-23,14.88,14.88,14.88,14.88,11.479389,0.0
519,2018-01-24,15.016,15.096,15.016,15.096,11.646025,625.0
520,2018-01-25,15.096,15.096,15.096,15.096,11.646025,0.0
521,2018-01-26,15.192,15.192,14.4,14.504,11.189317,7625.0
522,2018-01-29,14.56,14.56,14.328,14.328,11.05354,3750.0
523,2018-01-30,14.376,14.376,14.368,14.368,11.084398,250.0
524,2018-01-31,14.352,14.56,14.352,14.56,11.232519,1375.0
525,2018-02-01,14.56,14.56,14.384,14.4,11.109084,1625.0
526,2018-02-02,14.32,14.32,14.32,14.32,11.047369,125.0
527,2018-02-05,14.32,14.32,14.08,14.08,10.862218,875.0
528,2018-02-06,14.056,14.064,13.92,13.92,10.738783,500.0
529,2018-02-07,14.072,14.392,14.0,14.392,11.102914,1250.0
530,2018-02-08,14.48,14.8,14.48,14.8,11.417671,1000.0
531,2018-02-09,14.792,14.792,14.48,14.792,11.411499,1625.0
532,2018-02-14,,,,,,
533,2018-02-15,14.472,14.472,14.472,14.472,11.164633,125.0
534,2018-02-16,14.472,14.56,14.472,14.56,11.232519,3000.0
535,2018-02-19,14.536,14.792,14.536,14.792,11.411499,2250.0
536,2018-02-20,14.792,14.792,14.792,14.792,11.411499,0.0
537,2018-02-21,14.792,14.792,14.792,14.792,11.411499,125.0
538,2018-02-22,14.488,14.56,14.328,14.48,11.170803,3000.0
539,2018-02-23,14.36,14.512,14.36,14.512,11.19549,2250.0
540,2018-02-26,14.392,14.408,14.32,14.408,11.115257,1250.0
541,2018-02-27,14.48,14.48,14.48,14.48,11.170803,125.0
542,2018-02-28,14.56,15.04,14.4,15.04,11.602823,3250.0
543,2018-03-01,15.112,15.12,14.88,15.112,11.658368,1250.0
544,2018-03-02,15.112,15.112,15.112,15.112,11.658368,0.0
545,2018-03-05,15.112,15.112,15.112,15.112,11.658368,0.0
546,2018-03-06,14.8,15.096,14.752,15.04,11.602823,1000.0
547,2018-03-07,15.112,15.112,15.112,15.112,11.658368,125.0
548,2018-03-08,15.112,15.112,15.112,15.112,11.658368,0.0
549,2018-03-09,15.112,15.112,15.112,15.112,11.658368,0.0
550,2018-03-12,15.112,15.112,15.112,15.112,11.658368,0.0
551,2018-03-13,15.112,15.112,15.112,15.112,11.658368,125.0
552,2018-03-14,15.096,15.096,15.096,15.096,11.646025,125.0
553,2018-03-15,15.096,15.096,15.096,15.096,11.646025,0.0
554,2018-03-16,15.096,15.096,15.096,15.096,11.646025,0.0
555,2018-03-19,14.8,15.112,14.8,15.112,11.658368,375.0
556,2018-03-20,14.808,15.096,14.808,15.024,11.590481,375.0
557,2018-03-21,14.728,15.04,14.728,14.8,11.417671,375.0
558,2018-03-22,15.04,15.04,15.04,15.04,11.602823,125.0
559,2018-03-23,15.04,15.04,15.04,15.04,11.602823,0.0
560,2018-03-26,14.952,14.96,14.952,14.96,11.541105,250.0
561,2018-03-27,15.112,15.52,15.112,15.52,11.973126,1625.0
562,2018-03-28,15.408,15.992,15.408,15.992,12.337257,375.0
563,2018-03-29,15.52,15.992,15.52,15.992,12.337257,1125.0
564,2018-04-02,15.992,15.992,15.992,15.992,12.337257,0.0
565,2018-04-03,15.672,15.792,15.672,15.792,12.182964,250.0
566,2018-04-04,15.44,15.568,15.44,15.552,11.997813,1125.0
567,2018-04-05,15.616,15.616,15.592,15.592,12.028672,375.0
568,2018-04-06,15.616,15.616,15.52,15.52,11.973126,1250.0
569,2018-04-09,15.92,15.92,15.832,15.832,12.21382,250.0
570,2018-04-10,15.832,15.832,15.832,15.832,12.21382,0.0
571,2018-04-11,15.6,15.68,15.44,15.52,11.973126,875.0
572,2018-04-12,15.52,15.52,15.52,15.52,11.973126,0.0
573,2018-04-13,15.52,15.52,15.52,15.52,11.973126,0.0
574,2018-04-16,15.36,15.36,15.36,15.36,11.849692,125.0
575,2018-04-17,15.2,15.2,15.192,15.192,11.720085,1000.0
576,2018-04-18,14.976,14.976,14.88,14.968,11.547278,1250.0
577,2018-04-19,15.04,15.04,14.56,14.56,11.232519,875.0
578,2018-04-20,14.96,14.96,14.96,14.96,11.541105,125.0
579,2018-04-23,14.96,14.96,14.96,14.96,11.541105,0.0
580,2018-04-24,14.72,14.928,14.72,14.88,11.479389,4750.0
581,2018-04-25,14.88,14.88,14.88,14.88,11.479389,1250.0
582,2018-04-26,15.04,15.04,15.04,15.04,11.602823,3875.0
583,2018-04-27,15.664,16.16,15.6,16.16,12.466864,4750.0
584,2018-04-30,16.120001,16.360001,16.120001,16.16,12.466864,1625.0
585,2018-05-02,16.775999,16.775999,16.48,16.768,12.935911,3125.0
586,2018-05-03,16.799999,16.799999,16.799999,16.799999,12.9606,3750.0
587,2018-05-04,17.191999,17.6,16.959999,17.6,13.577772,10125.0
588,2018-05-07,18.007999,18.4,18.007999,18.384001,14.1826,1000.0
589,2018-05-08,18.816,19.6,18.624001,19.6,15.1207,1000.0
590,2018-05-09,20.0,20.0,19.92,19.992001,15.423114,2500.0
591,2018-05-10,20.0,20.016001,19.280001,19.6,15.1207,13375.0
592,2018-05-11,18.416,18.416,17.76,18.16,14.901488,1500.0
593,2018-05-14,18.4,18.4,17.68,17.983999,14.757069,1125.0
594,2018-05-15,17.511999,17.511999,17.511999,17.511999,14.36976,125.0
595,2018-05-16,16.0,16.799999,16.0,16.167999,13.26692,16250.0
596,2018-05-17,16.639999,16.639999,16.351999,16.639999,13.654227,3750.0
597,2018-05-18,16.327999,16.799999,16.327999,16.799999,13.785519,875.0
598,2018-05-21,17.120001,17.6,17.120001,17.6,14.441973,1750.0
599,2018-05-22,18.0,18.0,17.608,17.608,14.448539,4125.0
600,2018-05-23,18.0,18.16,18.0,18.16,14.901488,625.0
601,2018-05-24,18.4,18.4,18.0,18.0,14.770198,500.0
602,2018-05-25,18.4,18.799999,18.4,18.799999,15.426651,500.0
603,2018-05-28,18.4,18.4,18.0,18.0,14.770198,375.0
604,2018-05-29,18.32,18.32,17.208,17.6,14.441973,1375.0
605,2018-05-30,18.0,18.959999,18.0,18.959999,15.557942,625.0
606,2018-06-01,19.200001,20.0,18.719999,18.719999,15.361007,2625.0
607,2018-06-04,19.52,19.535999,18.4,18.639999,15.705632,750.0
608,2018-06-05,18.4,18.4,18.0,18.4,15.503416,3875.0
609,2018-06-06,18.0,18.0,17.84,17.84,15.031572,500.0
610,2018-06-07,17.639999,18.4,17.639999,18.4,15.503416,375.0
611,2018-06-08,19.007999,19.007999,18.0,18.4,15.503416,3875.0
612,2018-06-11,17.76,17.76,17.76,17.76,14.964166,125.0
613,2018-06-12,17.76,17.76,17.76,17.76,14.964166,0.0
614,2018-06-13,17.591999,17.591999,17.591999,17.591999,14.822613,250.0
615,2018-06-14,17.591999,17.591999,17.591999,17.591999,14.822613,0.0
616,2018-06-15,17.752001,17.752001,17.368,17.48,14.728245,375.0
617,2018-06-18,17.200001,17.431999,17.200001,17.431999,14.687801,375.0
618,2018-06-19,16.799999,17.416,16.799999,16.816,14.168774,4250.0
619,2018-06-20,16.799999,16.959999,16.648001,16.688,14.060924,3875.0
620,2018-06-21,16.799999,17.040001,16.167999,16.4,13.818262,2875.0
621,2018-06-22,16.552,16.552,16.552,16.552,13.946334,125.0
622,2018-06-25,16.552,16.552,16.552,16.552,13.946334,0.0
623,2018-06-26,16.08,16.08,15.832,16.0,13.481233,2125.0
624,2018-06-27,16.0,16.0,16.0,16.0,13.481233,125.0
625,2018-06-28,16.08,16.312,16.08,16.312,13.744114,1125.0
626,2018-06-29,16.32,16.799999,16.312,16.799999,14.155293,750.0
627,2018-07-02,16.799999,16.799999,16.799999,16.799999,14.155293,0.0
628,2018-07-03,16.879999,17.096001,16.879999,17.096001,14.404696,250.0
629,2018-07-04,17.431999,17.431999,17.200001,17.392,14.654099,500.0
630,2018-07-05,17.504,17.511999,17.200001,17.511999,14.755206,1500.0
631,2018-07-06,17.6,17.6,17.6,17.6,14.829356,125.0
632,2018-07-10,17.200001,17.280001,17.200001,17.280001,14.559731,2625.0
633,2018-07-11,17.440001,17.440001,17.288,17.288,14.56647,375.0
634,2018-07-12,17.200001,17.200001,17.200001,17.200001,14.492322,375.0
635,2018-07-13,17.200001,17.200001,17.200001,17.200001,14.492322,0.0
636,2018-07-16,17.440001,17.440001,17.440001,17.440001,14.694541,125.0
637,2018-07-17,17.52,17.52,17.52,17.52,14.761947,125.0
638,2018-07-18,17.6,17.639999,17.6,17.639999,14.863058,250.0
639,2018-07-19,17.68,17.68,17.672001,17.68,14.896761,1000.0
640,2018-07-20,17.92,18.24,17.912001,18.24,15.368605,375.0
641,2018-07-23,18.24,18.24,18.24,18.24,15.368605,0.0
642,2018-07-24,18.48,18.976,18.4,18.944,15.961777,2875.0
643,2018-07-25,18.799999,19.32,18.76,19.32,16.278585,3125.0
644,2018-07-26,19.32,19.32,19.32,19.32,16.278585,0.0
645,2018-07-27,18.799999,19.208,18.799999,19.208,16.184217,375.0
646,2018-07-30,19.208,19.208,19.208,19.208,16.184217,0.0
647,2018-07-31,18.76,18.84,18.76,18.84,15.874148,625.0
648,2018-08-01,18.4,18.4,18.176001,18.176001,15.314679,250.0
649,2018-08-02,18.176001,18.176001,18.176001,18.176001,15.314679,0.0
650,2018-08-03,18.176001,18.176001,18.176001,18.176001,15.314679,0.0
651,2018-08-06,18.568001,18.799999,18.568001,18.799999,15.840446,375.0
652,2018-08-07,18.799999,19.104,18.799999,19.104,16.09659,500.0
653,2018-08-08,19.08,19.08,18.879999,18.879999,15.907852,625.0
654,2018-08-09,18.879999,18.879999,18.879999,18.879999,15.907852,0.0
655,2018-08-10,18.4,18.4,18.4,18.4,15.503416,3875.0
656,2018-08-13,19.591999,19.799999,18.624001,18.624001,15.692153,3625.0
657,2018-08-14,18.959999,18.959999,18.024,18.024,15.186606,3000.0
658,2018-08-15,18.4,18.4,18.0,18.0,15.166385,1375.0
659,2018-08-16,18.4,18.4,18.007999,18.007999,15.173125,2875.0
660,2018-08-17,18.4,18.48,18.392,18.48,15.570821,4000.0
661,2018-08-20,18.392,18.4,18.392,18.4,15.503416,18500.0
662,2018-08-21,18.4,18.4,18.4,18.4,15.503416,0.0
663,2018-08-22,18.4,18.559999,18.4,18.559999,15.638225,375.0
664,2018-08-23,18.639999,18.719999,18.639999,18.719999,15.77304,375.0
665,2018-08-24,19.191999,20.872,19.191999,20.872,17.586266,41000.0
666,2018-08-27,21.864,21.864,21.208,21.6,18.199665,16250.0
667,2018-08-28,21.591999,22.792,21.591999,22.0,18.536694,12750.0
668,2018-08-29,20.368,20.4,20.0,20.296,18.240873,2375.0
669,2018-08-30,20.384001,20.384001,20.384001,20.384001,18.319962,375.0
670,2018-08-31,20.375999,20.375999,20.312,20.312,18.255251,625.0
671,2018-09-03,20.312,20.32,20.312,20.32,18.262442,750.0
672,2018-09-04,20.32,20.32,20.32,20.32,18.262442,0.0
673,2018-09-05,20.799999,21.200001,20.799999,21.200001,19.053335,375.0
674,2018-09-06,21.591999,22.08,21.591999,21.992001,19.765137,3875.0
675,2018-09-10,22.0,22.0,21.247999,21.247999,19.096476,375.0
676,2018-09-11,21.200001,21.200001,21.191999,21.200001,19.053335,750.0
677,2018-09-12,21.360001,21.360001,20.799999,20.799999,18.69384,2500.0
678,2018-09-13,20.799999,21.16,20.719999,21.16,19.017387,1250.0
679,2018-09-14,21.112,21.431999,21.112,21.360001,19.197138,625.0
680,2018-09-17,21.360001,21.360001,20.559999,21.200001,19.053335,4875.0
681,2018-09-18,20.799999,21.280001,20.792,21.200001,19.053335,6000.0
682,2018-09-19,21.191999,21.280001,20.775999,20.775999,18.672268,9750.0
683,2018-09-20,20.799999,20.799999,20.639999,20.792,18.686649,1750.0
684,2018-09-21,20.879999,20.879999,20.639999,20.792,18.686649,4000.0
685,2018-09-24,20.952,20.952,20.952,20.952,18.830448,125.0
686,2018-09-25,20.792,20.792,19.856001,19.856001,17.845427,2125.0
687,2018-09-26,20.4,20.4,20.4,20.4,18.334341,875.0
688,2018-09-27,20.408001,20.559999,20.08,20.559999,18.478138,1125.0
689,2018-09-28,20.639999,20.959999,20.639999,20.792,18.686649,1875.0
690,2018-10-01,20.792,20.799999,20.4,20.799999,18.69384,2750.0
691,2018-10-02,20.4,20.4,20.392,20.392,18.327154,500.0
692,2018-10-03,20.48,20.784,19.92,20.0,17.974846,6250.0
693,2018-10-04,19.200001,19.200001,19.040001,19.120001,17.18395,19750.0
694,2018-10-05,19.280001,19.280001,18.639999,18.704,16.810076,3625.0
695,2018-10-08,19.200001,19.280001,18.959999,19.280001,17.327753,2375.0
696,2018-10-09,19.6,19.76,19.440001,19.76,17.759146,1000.0
697,2018-10-10,20.0,20.4,20.0,20.264,18.212112,11125.0
698,2018-10-11,20.92,21.032,20.4,20.4,18.334341,2500.0
699,2018-10-15,20.799999,20.799999,19.0,19.208,17.263042,16375.0
700,2018-10-16,19.591999,19.591999,19.191999,19.52,17.543447,13375.0
701,2018-10-17,19.504,19.504,18.808001,19.416,17.44998,15750.0
702,2018-10-18,19.584,19.68,19.576,19.68,17.687248,2250.0
703,2018-10-19,19.872,20.0,19.591999,19.591999,17.608156,3375.0
704,2018-10-22,19.992001,19.992001,19.672001,19.672001,17.680061,375.0
705,2018-10-23,19.52,19.983999,19.200001,19.983999,17.960464,9625.0
706,2018-10-24,20.0,20.112,19.983999,20.112,18.075504,2375.0
707,2018-10-25,20.16,20.32,20.16,20.32,18.262442,750.0
708,2018-10-26,20.232,20.232,20.232,20.232,18.183353,250.0
709,2018-10-29,20.063999,20.271999,20.063999,20.271999,18.219303,2250.0
710,2018-10-30,20.288,20.288,20.288,20.288,18.233685,500.0
711,2018-10-31,20.288,20.288,20.007999,20.280001,18.226494,750.0
712,2018-11-01,20.4,20.4,20.4,20.4,18.334341,125.0
713,2018-11-05,20.632,20.632,20.32,20.32,18.262442,2000.0
714,2018-11-06,20.32,20.32,20.232,20.232,18.183353,375.0
715,2018-11-07,20.528,20.528,20.511999,20.511999,18.434998,375.0
716,2018-11-08,20.504,20.559999,20.392,20.559999,18.478138,4250.0
717,2018-11-09,20.799999,21.200001,20.016001,20.559999,18.478138,31625.0
718,2018-11-12,20.68,21.511999,20.52,21.200001,19.053335,6625.0
719,2018-11-13,21.504,21.504,20.656,21.191999,19.046144,11875.0
720,2018-11-14,20.296,21.559999,20.087999,20.792,19.381628,14875.0
721,2018-11-16,20.792,21.184,20.792,21.184,19.747038,1625.0
722,2018-11-19,21.191999,21.191999,20.808001,21.176001,19.739582,3250.0
723,2018-11-21,20.84,21.191999,20.648001,21.184,19.747038,2250.0
724,2018-11-22,21.184,21.184,20.808001,21.184,19.747038,2125.0
725,2018-11-23,21.184,21.591999,21.184,21.591999,20.127359,1125.0
726,2018-11-26,21.568001,21.568001,21.280001,21.559999,20.09753,500.0
727,2018-11-27,21.591999,21.912001,20.888,21.912001,20.425655,1875.0
728,2018-11-28,21.6,21.983999,21.6,21.76,20.283964,3875.0
729,2018-11-29,21.992001,21.992001,21.76,21.912001,20.425655,625.0
730,2018-11-30,21.992001,22.176001,21.944,22.176001,20.671743,8000.0
731,2018-12-03,22.48,22.799999,22.48,22.799999,21.253416,4125.0
732,2018-12-04,22.52,22.799999,22.52,22.799999,21.253416,625.0
733,2018-12-05,22.792,22.792,22.52,22.639999,21.104269,3000.0
734,2018-12-06,22.568001,22.719999,22.559999,22.719999,21.178844,375.0
735,2018-12-07,22.639999,22.712,22.559999,22.712,21.171387,1125.0
736,2018-12-10,22.559999,22.559999,22.559999,22.559999,21.029697,125.0
737,2018-12-11,22.712,22.872,22.712,22.792,21.24596,1750.0
738,2018-12-12,22.952,23.112,22.952,23.112,21.544252,375.0
739,2018-12-13,23.104,24.0,23.104,24.0,22.372017,2875.0
740,2018-12-14,23.712,24.4,23.688,24.4,22.744888,8625.0
741,2018-12-17,24.639999,24.672001,24.416,24.416,22.759802,2000.0
742,2018-12-18,25.072001,26.48,24.416,26.48,24.683794,9875.0
743,2018-12-19,26.632,26.704,26.4,26.68,24.870228,5625.0
744,2018-12-20,26.704,26.704,26.639999,26.639999,24.832941,1750.0
745,2018-12-21,26.440001,26.799999,26.440001,26.799999,24.982086,9125.0
746,2018-12-26,26.799999,26.799999,26.799999,26.799999,24.982086,0.0
747,2018-12-27,26.6,26.6,25.639999,26.591999,24.788198,1250.0
748,2018-12-28,26.591999,26.591999,26.591999,26.591999,24.788198,0.0
749,2019-01-02,26.576,26.879999,26.4,26.864,25.041748,3750.0
750,2019-01-03,26.888,27.200001,26.879999,27.200001,25.354956,3250.0
751,2019-01-04,27.200001,27.200001,27.200001,27.200001,25.354956,1500.0
752,2019-01-07,27.208,27.208,27.208,27.208,25.362415,250.0
753,2019-01-08,27.4,27.408001,26.48,27.312,25.459356,1750.0
754,2019-01-09,27.576,27.576,27.16,27.336,25.481731,1625.0
755,2019-01-10,27.351999,27.351999,27.351999,27.351999,25.496645,250.0
756,2019-01-11,27.327999,27.351999,27.327999,27.351999,25.496645,625.0
757,2019-01-14,27.351999,27.591999,27.351999,27.591999,25.720366,1000.0
758,2019-01-15,27.608,28.0,27.608,27.959999,26.063404,1750.0
759,2019-01-16,28.280001,28.288,26.408001,27.104,25.265467,7375.0
760,2019-01-17,26.488001,26.488001,26.063999,26.16,24.385502,1125.0
761,2019-01-18,25.992001,26.48,24.92,26.472,24.676338,7875.0
762,2019-01-21,26.120001,26.632,25.719999,26.632,24.825485,750.0
763,2019-01-22,26.040001,26.384001,26.040001,26.384001,24.594307,2875.0
764,2019-01-23,26.24,26.719999,26.24,26.48,24.683794,875.0
765,2019-01-24,26.4,26.712,26.4,26.712,24.900057,875.0
766,2019-01-28,26.712,26.712,26.4,26.4,24.609221,375.0
767,2019-01-29,26.799999,26.952,26.087999,26.952,25.123775,1250.0
768,2019-01-30,27.200001,27.200001,26.408001,26.552,24.75091,500.0
769,2019-01-31,26.544001,26.559999,26.4,26.4,24.609221,750.0
770,2019-02-01,26.4,26.4,26.4,26.4,24.609221,0.0
771,2019-02-04,26.48,26.792,26.392,26.544001,24.743452,2375.0
772,2019-02-05,26.792,26.792,26.408001,26.792,24.97463,1500.0
773,2019-02-06,26.903999,26.952,26.559999,26.792,24.97463,1875.0
774,2019-02-07,26.792,27.184,26.280001,26.832001,25.011921,3125.0
775,2019-02-08,26.799999,27.191999,26.639999,26.92,25.093948,6250.0
776,2019-02-11,27.112,27.112,27.112,27.112,25.272923,250.0
777,2019-02-12,27.351999,27.351999,27.120001,27.120001,25.280384,750.0
778,2019-02-13,27.184,27.191999,26.808001,27.104,25.265467,1250.0
779,2019-02-14,27.087999,27.200001,27.040001,27.200001,25.354956,4500.0
780,2019-02-15,27.559999,27.559999,26.959999,27.208,25.362415,3500.0
781,2019-02-18,27.440001,27.440001,27.24,27.4,25.541389,750.0
782,2019-02-19,27.360001,27.816,27.360001,27.68,25.802397,750.0
783,2019-02-20,27.76,27.775999,27.743999,27.743999,25.862051,625.0
784,2019-02-21,27.879999,27.879999,27.128,27.360001,25.504101,750.0
785,2019-02-22,27.280001,27.584,27.280001,27.584,25.71291,375.0
786,2019-02-25,27.52,29.6,27.208,29.6,27.592155,7875.0
787,2019-02-26,28.808001,29.351999,28.799999,29.351999,27.360979,2250.0
788,2019-02-27,29.351999,30.24,29.351999,30.24,28.188745,3625.0
789,2019-02-28,30.224001,30.224001,29.360001,30.0,27.965023,1125.0
790,2019-03-01,29.6,30.4,29.6,29.936001,27.905367,2375.0
791,2019-03-06,,,,,,
792,2019-03-07,30.4,30.4,30.4,30.4,28.337889,125.0
793,2019-03-08,30.0,30.112,29.688,30.063999,28.024685,1500.0
794,2019-03-11,30.24,30.256001,29.864,30.256001,28.203659,2375.0
795,2019-03-12,30.4,30.4,30.256001,30.360001,28.300604,750.0
796,2019-03-13,30.4,30.4,30.16,30.384001,28.322977,1500.0
797,2019-03-14,30.4,30.624001,29.927999,30.112,28.069426,1000.0
798,2019-03-15,29.775999,30.351999,29.775999,30.351999,28.293146,1625.0
799,2019-03-18,30.4,31.568001,30.4,31.280001,29.158201,1250.0
800,2019-03-19,31.280001,31.76,31.120001,31.360001,29.232771,1875.0
801,2019-03-20,31.792,32.216,31.792,32.0,29.829361,2375.0
802,2019-03-21,31.799999,31.799999,31.112,31.6,30.030191,3500.0
803,2019-03-22,31.351999,31.351999,30.4,30.968,29.429588,4000.0
804,2019-03-25,30.84,30.968,30.096001,30.704,29.178701,1375.0
805,2019-03-26,31.040001,31.040001,31.040001,31.040001,29.498013,125.0
806,2019-03-27,30.872,31.440001,30.872,31.440001,29.878143,1875.0
807,2019-03-28,31.752001,31.752001,31.431999,31.52,29.954165,375.0
808,2019-03-29,31.6,31.992001,31.6,31.992001,30.402716,250.0
809,2019-04-01,31.983999,33.528,31.983999,32.799999,31.170576,1750.0
810,2019-04-02,32.383999,33.584,32.383999,33.439999,31.778782,3125.0
811,2019-04-03,33.431999,33.439999,33.360001,33.439999,31.778782,3125.0
812,2019-04-04,33.119999,33.119999,33.119999,33.119999,31.47468,250.0
813,2019-04-05,32.639999,32.919998,32.639999,32.919998,31.284615,250.0
814,2019-04-08,32.799999,33.119999,32.576,33.040001,31.398659,1125.0
815,2019-04-09,32.799999,33.200001,32.799999,33.200001,31.550705,875.0
816,2019-04-10,33.192001,33.192001,33.040001,33.16,31.512695,750.0
817,2019-04-11,32.391998,32.391998,22.799999,25.568001,24.297848,19500.0
818,2019-04-12,25.768,25.768,23.087999,25.608,24.335859,9625.0
819,2019-04-15,23.84,23.84,22.952,22.952,21.811802,2000.0
820,2019-04-16,22.232,24.48,21.6,24.48,23.263893,3125.0
821,2019-04-17,25.200001,25.424,24.719999,24.719999,23.491972,1000.0
822,2019-04-18,24.719999,24.912001,24.024,24.4,23.18787,1125.0
823,2019-04-22,24.424,24.424,24.048,24.16,22.959789,875.0
824,2019-04-23,24.32,24.32,24.24,24.24,23.035816,250.0
825,2019-04-24,24.32,24.32,24.007999,24.232,23.028214,750.0
826,2019-04-25,24.24,24.879999,23.84,24.879999,23.644022,1375.0
827,2019-04-26,25.040001,26.344,25.040001,26.344,25.035295,500.0
828,2019-04-29,26.351999,27.200001,26.351999,27.200001,25.848772,1093.0
829,2019-04-30,29.48,29.49,29.049999,29.49,28.025011,300.0
830,2019-05-02,29.9,29.9,27.66,29.379999,27.920473,1300.0
831,2019-05-03,29.6,29.6,28.700001,28.700001,27.274256,800.0
832,2019-05-06,28.58,28.58,27.209999,28.0,26.60903,1100.0
833,2019-05-07,28.790001,28.790001,27.950001,27.969999,26.580521,600.0
834,2019-05-08,28.299999,28.75,28.299999,28.75,27.32177,200.0
835,2019-05-09,28.120001,28.780001,28.0,28.780001,27.350283,300.0
836,2019-05-10,28.780001,28.780001,28.1,28.5,27.084194,300.0
837,2019-05-13,28.15,28.15,27.99,27.99,26.599527,200.0
838,2019-05-14,27.99,27.99,27.99,27.99,26.599527,0.0
839,2019-05-15,27.49,27.549999,27.01,27.549999,26.181385,2200.0
840,2019-05-16,27.0,27.0,26.0,26.5,25.183544,900.0
841,2019-05-17,25.74,26.0,25.58,26.0,24.708384,2800.0
842,2019-05-20,25.0,26.379999,24.1,26.379999,25.069506,1000.0
843,2019-05-21,26.379999,26.379999,26.379999,26.379999,25.069506,0.0
844,2019-05-22,26.040001,26.65,26.0,26.65,25.326096,1300.0
845,2019-05-23,25.700001,25.790001,25.65,25.65,24.375771,300.0
846,2019-05-24,26.389999,26.389999,25.5,25.5,24.233225,200.0
847,2019-05-27,25.18,25.18,24.67,24.67,23.444456,400.0
848,2019-05-28,24.0,24.6,24.0,24.0,22.807741,4500.0
849,2019-05-29,23.049999,23.43,22.700001,23.25,22.094999,9700.0
850,2019-05-30,23.4,24.34,23.35,24.34,23.130852,1300.0
851,2019-05-31,24.01,24.299999,23.700001,23.9,22.712708,700.0
852,2019-06-03,23.9,23.9,23.049999,23.75,22.570158,1000.0
853,2019-06-04,24.5,24.940001,24.5,24.940001,23.701042,900.0
854,2019-06-05,25.15,25.15,24.870001,25.15,23.900612,600.0
855,2019-06-06,25.15,25.370001,25.15,25.370001,24.10968,200.0
856,2019-06-07,25.34,25.99,25.299999,25.99,24.698881,1800.0
857,2019-06-10,26.01,26.4,26.01,26.35,25.040997,900.0
858,2019-06-11,26.77,26.77,25.65,26.0,24.708384,1800.0
859,2019-06-12,26.0,26.0,26.0,26.0,24.708384,0.0
860,2019-06-13,25.5,25.5,25.5,25.5,24.233225,400.0
861,2019-06-14,25.5,25.5,24.0,24.5,23.2829,900.0
862,2019-06-17,25.01,25.15,24.9,24.9,23.663029,700.0
863,2019-06-18,25.969999,25.969999,25.299999,25.299999,24.043158,1300.0
864,2019-06-19,25.389999,25.799999,25.299999,25.75,24.470802,2400.0
865,2019-06-21,25.75,25.85,25.75,25.780001,24.499315,1200.0
866,2019-06-24,26.1,26.1,26.1,26.1,24.803419,100.0
867,2019-06-25,25.530001,25.6,25.52,25.52,24.25223,600.0
868,2019-06-26,26.0,26.1,26.0,26.1,24.803419,200.0
869,2019-06-27,25.01,25.01,25.01,25.01,23.767565,200.0
870,2019-06-28,26.0,26.200001,25.65,26.200001,24.898451,2200.0
871,2019-07-01,27.0,28.200001,27.0,28.200001,26.799095,12500.0
872,2019-07-02,28.0,29.99,28.0,29.5,28.034513,2200.0
873,2019-07-03,29.040001,29.1,29.040001,29.1,27.654383,300.0
874,2019-07-04,29.0,29.0,29.0,29.0,27.559353,100.0
875,2019-07-05,28.950001,29.49,28.950001,29.49,28.025011,600.0
876,2019-07-08,29.49,29.99,29.469999,29.9,28.414642,2000.0
877,2019-07-10,30.0,31.1,30.0,31.1,29.555031,3400.0
878,2019-07-11,30.799999,31.09,30.799999,31.09,29.545527,700.0
879,2019-07-12,30.99,31.780001,30.99,31.65,30.077705,600.0
880,2019-07-15,31.65,31.65,31.65,31.65,30.077705,0.0
881,2019-07-16,31.48,31.879999,31.48,31.879999,30.296282,400.0
882,2019-07-17,31.92,31.92,31.92,31.92,30.334295,400.0
883,2019-07-18,31.92,32.299999,31.51,32.299999,30.695417,2000.0
884,2019-07-19,32.299999,32.400002,31.01,31.799999,30.220255,5600.0
885,2019-07-22,32.34,32.34,31.51,31.809999,30.229757,1200.0
886,2019-07-23,31.969999,31.969999,31.969999,31.969999,30.381809,100.0
887,2019-07-24,31.950001,31.99,31.950001,31.98,30.391312,600.0
888,2019-07-25,31.01,31.799999,31.0,31.799999,30.220255,900.0
889,2019-07-26,31.299999,31.299999,31.0,31.299999,29.745092,1100.0
890,2019-07-29,31.299999,31.299999,31.299999,31.299999,29.745092,0.0
891,2019-07-30,31.290001,31.49,31.290001,31.469999,29.906649,500.0
892,2019-07-31,31.459999,31.99,30.01,30.799999,29.269932,4300.0
893,2019-08-01,31.49,31.99,30.110001,31.940001,30.353302,2200.0
894,2019-08-02,31.940001,31.940001,31.940001,31.940001,30.353302,0.0
895,2019-08-05,31.110001,31.110001,30.950001,31.08,29.536024,400.0
896,2019-08-06,30.99,31.0,30.99,31.0,29.459995,200.0
897,2019-08-07,31.0,31.0,31.0,31.0,29.459995,0.0
898,2019-08-08,31.0,31.0,31.0,31.0,29.459995,0.0
899,2019-08-09,31.0,31.0,31.0,31.0,29.459995,0.0
900,2019-08-12,30.5,30.6,30.09,30.6,29.079866,1300.0
901,2019-08-13,30.68,30.68,30.68,30.68,29.155895,100.0
902,2019-08-14,30.0,30.0,28.51,29.440001,27.977495,2800.0
903,2019-08-15,28.51,28.969999,28.0,28.870001,27.435812,1400.0
904,2019-08-16,27.799999,27.799999,25.5,27.5,26.133869,3600.0
905,2019-08-19,27.99,28.5,27.99,28.389999,26.979654,900.0
906,2019-08-20,28.0,28.49,28.0,28.49,27.07469,200.0
907,2019-08-21,28.99,29.440001,28.450001,28.99,27.54985,400.0
908,2019-08-22,28.049999,28.49,28.01,28.290001,26.884623,600.0
909,2019-08-23,28.290001,28.290001,28.290001,28.290001,26.884623,0.0
910,2019-08-26,27.51,27.99,27.51,27.99,26.599527,200.0
911,2019-08-27,27.200001,27.49,26.51,27.469999,26.105358,2900.0
912,2019-08-28,27.99,27.99,27.99,27.99,26.599527,100.0
913,2019-08-29,27.01,27.99,27.01,27.959999,26.571014,2700.0
914,2019-08-30,28.0,28.290001,28.0,28.290001,26.884623,2200.0
915,2019-09-02,28.290001,28.290001,27.379999,27.610001,26.238403,5000.0
916,2019-09-03,27.51,27.51,27.0,27.200001,25.848772,2900.0
917,2019-09-04,27.02,27.02,26.43,26.43,25.117023,600.0
918,2019-09-05,26.43,26.43,26.43,26.43,25.117023,0.0
919,2019-09-06,26.709999,26.879999,26.709999,26.879999,25.544668,200.0
920,2019-09-09,25.6,26.559999,25.6,26.559999,25.240566,1900.0
921,2019-09-10,25.92,26.049999,25.25,25.799999,24.51832,600.0
922,2019-09-11,25.120001,25.6,25.01,25.6,24.328257,2500.0
923,2019-09-12,25.790001,25.790001,24.790001,24.790001,23.558495,5200.0
924,2019-09-13,25.01,25.01,24.0,24.0,22.807741,5400.0
925,2019-09-16,24.690001,24.690001,24.35,24.360001,23.149857,600.0
926,2019-09-17,23.51,23.549999,23.0,23.120001,21.971457,6200.0
927,2019-09-18,23.450001,23.48,22.889999,23.25,22.094999,4800.0
928,2019-09-19,23.49,23.49,23.0,23.01,21.866919,1800.0
929,2019-09-20,23.02,23.469999,22.879999,23.469999,22.304066,1400.0
930,2019-09-23,23.469999,23.48,23.469999,23.48,22.313572,900.0
931,2019-09-24,23.469999,23.469999,23.469999,23.469999,22.304066,100.0
932,2019-09-25,23.450001,23.5,23.389999,23.5,22.332577,1200.0
933,2019-09-26,23.6,24.389999,23.57,24.389999,23.178364,700.0
934,2019-09-27,24.469999,24.469999,24.469999,24.469999,23.254391,100.0
935,2019-09-30,24.0,24.0,23.51,23.690001,22.51314,500.0
936,2019-10-01,23.879999,23.879999,23.879999,23.879999,22.693701,100.0
937,2019-10-02,23.68,23.889999,23.68,23.889999,22.703205,300.0
938,2019-10-03,23.700001,23.870001,23.6,23.870001,22.684196,400.0
939,2019-10-04,23.700001,23.790001,23.219999,23.790001,22.608171,600.0
940,2019-10-07,23.99,23.99,23.790001,23.790001,22.608171,600.0
941,2019-10-08,24.190001,24.190001,24.190001,24.190001,22.9883,100.0
942,2019-10-09,24.469999,24.469999,24.469999,24.469999,23.254391,100.0
943,2019-10-10,23.5,23.959999,23.5,23.959999,22.769726,2600.0
944,2019-10-11,23.59,23.879999,23.01,23.77,22.589167,4200.0
945,2019-10-14,23.77,23.879999,23.24,23.59,22.418108,3700.0
946,2019-10-15,23.73,23.77,23.6,23.77,22.589167,1900.0
947,2019-10-16,23.85,23.9,23.610001,23.75,22.570158,2200.0
948,2019-10-17,23.75,23.75,23.309999,23.65,22.47513,900.0
949,2019-10-18,24.4,24.4,24.0,24.299999,23.092836,3000.0
950,2019-10-21,24.389999,25.49,24.389999,25.290001,24.033655,1800.0
951,2019-10-22,25.1,25.389999,24.809999,25.190001,23.938623,2400.0
952,2019-10-23,25.200001,25.290001,25.0,25.0,23.75806,700.0
953,2019-10-24,24.610001,24.879999,24.43,24.43,23.216379,4200.0
954,2019-10-25,24.65,24.65,24.639999,24.639999,23.415947,400.0
955,2019-10-28,24.99,24.99,24.51,24.99,23.748558,800.0
956,2019-10-29,24.709999,24.84,24.51,24.75,23.520483,2000.0
957,2019-10-30,24.889999,24.889999,24.4,24.4,23.18787,400.0
958,2019-10-31,24.75,24.9,24.75,24.9,23.663029,200.0
959,2019-11-01,24.9,24.9,24.9,24.9,23.663029,0.0
960,2019-11-04,24.9,24.9,24.9,24.9,23.663029,0.0
961,2019-11-05,24.030001,24.65,24.01,24.59,23.368431,700.0
962,2019-11-06,24.5,24.65,24.110001,24.59,23.368431,1500.0
963,2019-11-07,24.290001,24.540001,24.290001,24.540001,23.320913,300.0
964,2019-11-08,24.65,24.65,24.65,24.65,23.425449,100.0
965,2019-11-11,23.52,23.52,21.209999,22.84,21.705366,14100.0
966,2019-11-12,22.49,22.65,22.41,22.59,21.467785,600.0
967,2019-11-13,22.01,22.99,22.0,22.99,21.847914,2000.0
968,2019-11-14,23.790001,23.790001,22.120001,22.370001,21.258713,500.0
969,2019-11-18,22.49,22.49,21.51,21.82,20.736036,1200.0
970,2019-11-19,21.5,21.700001,21.5,21.690001,20.612499,600.0
971,2019-11-21,21.01,21.65,21.0,21.65,20.574484,2300.0
972,2019-11-22,21.75,21.889999,21.75,21.889999,20.802559,200.0
973,2019-11-25,21.02,21.4,21.0,21.129999,20.080313,1700.0
974,2019-11-26,20.51,20.99,20.120001,20.299999,19.291546,3500.0
975,2019-11-27,20.42,20.42,20.42,20.42,19.405584,100.0
976,2019-11-28,20.23,20.24,20.0,20.15,19.148998,1000.0
977,2019-11-29,19.709999,21.74,19.709999,21.74,20.660009,2500.0
978,2019-12-02,21.99,22.0,21.309999,21.5,20.431932,800.0
979,2019-12-03,21.5,21.5,21.5,21.5,20.431932,200.0
980,2019-12-04,21.799999,21.879999,21.799999,21.870001,20.783554,1600.0
981,2019-12-05,21.950001,21.950001,21.6,21.879999,20.793055,2300.0
982,2019-12-06,21.9,21.9,21.51,21.85,20.764545,900.0
983,2019-12-09,21.9,21.93,21.5,21.879999,20.793055,3100.0
984,2019-12-10,21.879999,22.4,21.879999,22.4,21.287224,1400.0
985,2019-12-11,22.5,23.5,22.5,23.15,21.999968,3900.0
986,2019-12-12,23.26,24.74,23.0,24.0,22.807741,3700.0
987,2019-12-13,23.700001,23.790001,23.299999,23.790001,22.608171,1300.0
988,2019-12-16,23.77,24.540001,23.6,24.4,23.18787,2700.0
989,2019-12-17,24.889999,24.889999,24.700001,24.76,23.529985,600.0
990,2019-12-18,23.99,24.190001,23.6,24.1,22.902773,1300.0
991,2019-12-19,23.799999,24.1,23.799999,24.0,22.807741,900.0
992,2019-12-20,24.09,24.6,24.0,24.5,23.2829,9500.0
993,2019-12-23,24.99,24.99,24.200001,24.299999,23.092836,3200.0
994,2019-12-26,24.0,24.0,23.4,23.99,22.798235,4100.0
995,2019-12-27,23.98,24.700001,23.98,24.700001,23.472967,600.0
996,2019-12-30,24.450001,25.0,24.200001,24.959999,23.720047,2600.0
997,2020-01-02,24.99,24.99,24.5,24.969999,23.729549,400.0
998,2020-01-03,24.93,24.969999,24.93,24.959999,23.720047,600.0
999,2020-01-06,23.0,24.9,23.0,24.9,23.663029,2200.0
1000,2020-01-07,24.950001,25.0,24.950001,24.99,23.748558,13100.0
1001,2020-01-08,24.99,25.0,24.99,25.0,23.75806,600.0
1002,2020-01-09,25.1,25.49,24.0,25.290001,24.033655,600.0
1003,2020-01-10,25.26,25.459999,25.25,25.459999,24.19521,2700.0
1004,2020-01-13,25.799999,26.4,25.790001,26.4,25.088512,2100.0
1005,2020-01-14,27.219999,27.219999,27.219999,27.219999,25.867777,100.0
1006,2020-01-15,27.4,27.700001,27.389999,27.700001,26.323935,18200.0
1007,2020-01-16,28.0,28.700001,27.9,28.700001,27.274256,1300.0
1008,2020-01-17,29.24,29.389999,29.1,29.299999,27.844448,1100.0
1009,2020-01-20,29.43,29.43,28.99,29.200001,27.749418,2500.0
1010,2020-01-21,29.299999,29.299999,28.5,28.5,27.084194,300.0
1011,2020-01-22,28.5,28.99,28.35,28.5,27.084194,1400.0
1012,2020-01-23,28.1,28.1,26.66,27.02,25.677715,4500.0
1013,2020-01-24,26.99,27.1,26.799999,27.0,25.658709,1000.0
1014,2020-01-27,26.370001,26.370001,25.799999,26.290001,24.983978,600.0
1015,2020-01-28,26.58,26.700001,25.700001,26.5,25.183544,3200.0
1016,2020-01-29,26.309999,26.5,26.0,26.09,24.793915,1400.0
1017,2020-01-30,25.85,25.98,24.969999,25.98,24.689377,2400.0
1018,2020-01-31,25.6,25.870001,25.6,25.870001,24.584845,200.0
1019,2020-02-03,25.799999,25.799999,25.15,25.48,24.214216,1600.0
1020,2020-02-04,25.870001,26.1,25.709999,26.1,24.803419,2000.0
1021,2020-02-05,26.120001,26.35,26.120001,26.35,25.040997,1500.0
1022,2020-02-06,26.68,26.690001,26.0,26.0,24.708384,300.0
1023,2020-02-07,26.35,26.35,25.4,25.82,24.537327,1000.0
1024,2020-02-10,25.889999,25.889999,25.01,25.68,24.404282,500.0
1025,2020-02-11,25.68,26.0,25.51,25.98,24.689377,1500.0
1026,2020-02-12,25.99,25.99,25.5,25.799999,24.51832,2000.0
1027,2020-02-13,25.690001,25.799999,25.48,25.799999,24.51832,1100.0
1028,2020-02-14,25.790001,25.790001,25.450001,25.58,24.309252,1100.0
1029,2020-02-17,25.66,25.690001,25.15,25.15,23.900612,1500.0
1030,2020-02-18,25.6,25.6,25.49,25.6,24.328257,500.0
1031,2020-02-19,25.66,25.66,25.66,25.66,24.385273,1000.0
1032,2020-02-20,25.66,26.299999,25.66,26.299999,24.993481,1300.0
1033,2020-02-21,25.950001,26.49,25.950001,26.49,25.174042,800.0
1034,2020-02-26,,,,,,
1035,2020-02-27,24.99,25.99,24.83,25.99,24.698881,4900.0
1036,2020-02-28,25.01,25.99,24.280001,25.99,24.698881,1000.0
1037,2020-03-02,25.99,25.99,25.99,25.99,24.698881,0.0
1038,2020-03-03,25.99,25.99,25.99,25.99,24.698881,0.0
1039,2020-03-04,26.01,26.01,26.01,26.01,24.717888,100.0
1040,2020-03-05,26.01,26.01,26.01,26.01,24.717888,0.0
1041,2020-03-06,24.15,25.700001,24.0,25.700001,24.423288,3500.0
1042,2020-03-09,22.9,25.700001,22.9,25.700001,24.423288,2200.0
1043,2020-03-10,25.99,25.99,24.5,25.889999,24.603848,700.0
1044,2020-03-11,25.889999,25.889999,25.889999,25.889999,24.603848,0.0
1045,2020-03-12,21.030001,24.99,21.030001,24.99,23.748558,900.0
1046,2020-03-13,21.99,24.389999,21.99,24.389999,23.178364,600.0
1047,2020-03-16,21.99,21.99,21.99,21.99,20.897591,700.0
1048,2020-03-17,22.99,22.99,22.99,22.99,21.847914,100.0
1049,2020-03-18,20.0,20.0,20.0,20.0,19.006449,100.0
1050,2020-03-19,20.0,20.0,20.0,20.0,19.006449,0.0
1051,2020-03-20,18.110001,20.99,17.51,18.799999,17.866062,2000.0
1052,2020-03-23,18.799999,18.799999,18.799999,18.799999,17.866062,0.0
1053,2020-03-24,18.15,18.15,17.5,17.5,16.630644,400.0
1054,2020-03-25,18.5,19.0,18.5,19.0,18.056128,2500.0
1055,2020-03-26,19.0,19.0,19.0,19.0,18.056128,0.0
1056,2020-03-27,19.0,19.0,19.0,19.0,18.056128,0.0
1057,2020-03-30,19.200001,19.200001,18.01,18.5,17.580965,900.0
1058,2020-03-31,18.68,18.68,18.02,18.43,17.514444,900.0
1059,2020-04-01,18.43,18.43,18.43,18.43,17.514444,0.0
1060,2020-04-02,18.65,18.65,17.5,17.950001,17.05829,2500.0
1061,2020-04-03,18.49,18.49,16.99,16.99,16.145979,400.0
1062,2020-04-06,17.5,17.99,17.5,17.950001,17.05829,2200.0
1063,2020-04-07,17.959999,18.700001,17.959999,18.5,17.580965,1000.0
1064,2020-04-08,18.450001,18.9,18.450001,18.85,17.913578,3000.0
1065,2020-04-09,19.0,19.190001,19.0,19.0,18.056128,1700.0
1066,2020-04-13,19.190001,20.459999,19.190001,20.459999,19.443596,7900.0
1067,2020-04-14,20.98,20.98,20.469999,20.98,19.937765,3300.0
1068,2020-04-15,21.0,21.290001,20.51,21.200001,20.146839,3100.0
1069,2020-04-16,22.0,22.48,21.200001,22.48,21.363249,4300.0
1070,2020-04-17,22.4,22.799999,22.4,22.799999,21.667353,1800.0
1071,2020-04-20,22.0,22.5,22.0,22.5,21.382257,1300.0
1072,2020-04-22,22.799999,23.35,22.799999,23.35,22.190029,500.0
1073,2020-04-23,23.639999,23.639999,23.1,23.1,21.95245,400.0
1074,2020-04-24,21.4,21.969999,21.4,21.969999,20.878582,300.0
1075,2020-04-27,21.969999,22.75,21.969999,22.59,21.467785,1900.0
1076,2020-04-28,22.9,23.0,22.9,23.0,21.857416,300.0
1077,2020-04-29,23.48,23.48,23.200001,23.299999,22.142513,300.0
1078,2020-04-30,22.700001,23.52,22.700001,23.190001,22.037981,400.0
1079,2020-05-04,22.0,22.49,22.0,22.49,21.372751,1400.0
1080,2020-05-05,22.700001,22.700001,21.9,22.299999,21.19219,2300.0
1081,2020-05-06,22.1,22.719999,22.0,22.01,20.916599,4700.0
1082,2020-05-07,22.99,22.99,21.15,22.48,21.363249,3900.0
1083,2020-05-08,22.690001,22.690001,22.290001,22.290001,21.182688,500.0
1084,2020-05-11,21.219999,22.469999,20.290001,22.469999,21.353746,2400.0
1085,2020-05-12,22.790001,22.790001,22.0,22.0,20.907095,900.0
1086,2020-05-13,22.440001,22.440001,21.0,21.08,20.032799,1100.0
1087,2020-05-14,21.0,21.85,20.99,21.85,20.764545,1800.0
1088,2020-05-15,21.860001,22.41,20.65,21.879999,20.793055,600.0
1089,2020-05-18,21.99,22.690001,21.9,22.690001,21.562817,300.0
1090,2020-05-19,22.860001,22.860001,22.860001,22.860001,21.724373,100.0
1091,2020-05-20,22.5,22.799999,22.5,22.799999,21.667353,200.0
1092,2020-05-21,22.84,22.85,22.84,22.85,21.71487,500.0
1093,2020-05-22,21.549999,22.84,21.51,22.84,21.705366,1300.0
1094,2020-05-25,22.83,22.940001,22.83,22.940001,21.800398,200.0
1095,2020-05-26,22.950001,22.950001,22.85,22.85,21.71487,600.0
1096,2020-05-27,22.950001,23.27,22.530001,23.27,22.114004,1100.0
1097,2020-05-28,23.49,23.49,23.02,23.43,22.266056,600.0
1098,2020-05-29,23.5,23.950001,23.5,23.790001,22.608171,500.0
1099,2020-06-01,23.879999,24.190001,22.01,23.879999,22.827356,4600.0
1100,2020-06-02,23.5,23.879999,23.5,23.879999,22.827356,500.0
1101,2020-06-03,24.190001,24.190001,23.469999,23.99,22.932508,900.0
1102,2020-06-04,23.5,23.889999,23.5,23.889999,22.836918,400.0
1103,2020-06-05,24.0,24.139999,23.5,24.139999,23.075895,1400.0
1104,2020-06-08,24.200001,24.59,24.02,24.040001,22.980305,1300.0
1105,2020-06-09,24.530001,24.530001,24.299999,24.5,23.420027,900.0
1106,2020-06-10,24.67,24.67,23.5,23.93,22.875154,700.0
1107,2020-06-12,23.1,23.49,22.91,23.49,22.454548,1000.0
1108,2020-06-15,23.49,23.49,23.49,23.49,22.454548,0.0
1109,2020-06-16,23.99,23.99,23.01,23.629999,22.588377,700.0
1110,2020-06-17,23.66,23.66,23.66,23.66,22.617056,200.0
1111,2020-06-18,24.18,24.18,22.74,24.18,23.114132,1200.0
1112,2020-06-19,24.33,24.33,23.450001,24.18,23.114132,1100.0
1113,2020-06-22,24.18,24.18,24.18,24.18,23.114132,0.0
1114,2020-06-23,24.35,24.35,23.4,23.99,22.932508,900.0
1115,2020-06-24,23.209999,24.299999,23.01,24.299999,23.228844,700.0
1116,2020-06-25,22.450001,23.99,21.51,23.99,22.932508,3600.0
1117,2020-06-26,22.709999,23.17,22.610001,23.17,22.148655,300.0
1118,2020-06-29,23.290001,23.290001,23.290001,23.290001,22.263367,200.0
1119,2020-06-30,23.290001,23.290001,23.290001,23.290001,22.263367,0.0
1120,2020-07-01,22.5,23.200001,22.5,23.200001,22.177334,700.0
1121,2020-07-02,22.950001,23.15,22.540001,22.98,21.967028,2100.0
1122,2020-07-03,23.1,23.690001,23.1,23.690001,22.645733,400.0
1123,2020-07-06,24.0,24.0,23.01,23.4,22.368515,300.0
1124,2020-07-07,23.5,23.5,23.049999,23.1,22.081739,400.0
1125,2020-07-08,23.24,23.24,23.129999,23.129999,22.110416,200.0
1126,2020-07-09,22.1,23.389999,22.1,23.389999,22.358955,400.0
1127,2020-07-10,23.389999,23.389999,23.389999,23.389999,22.358955,0.0
1128,2020-07-13,22.4,22.790001,21.9,22.030001,21.058907,4800.0
1129,2020-07-14,22.5,22.5,21.700001,22.459999,21.46995,4400.0
1130,2020-07-15,22.5,22.700001,22.5,22.700001,21.699373,300.0
1131,2020-07-16,22.99,22.99,21.879999,22.02,21.049347,4400.0
1132,2020-07-17,22.5,22.99,22.5,22.99,21.976589,400.0
1133,2020-07-20,22.99,22.99,22.99,22.99,21.976589,0.0
1134,2020-07-21,22.299999,22.440001,22.049999,22.049999,21.078024,700.0
1135,2020-07-22,22.219999,22.790001,21.379999,22.790001,21.785408,600.0
1136,2020-07-23,22.790001,23.0,22.0,22.0,21.03023,1200.0
1137,2020-07-24,21.200001,22.0,21.200001,22.0,21.03023,700.0
1138,2020-07-27,22.0,22.0,22.0,22.0,21.03023,0.0
1139,2020-07-28,21.139999,21.870001,21.139999,21.870001,20.905958,600.0
1140,2020-07-29,22.0,22.09,22.0,22.09,21.116262,200.0
1141,2020-07-30,22.450001,22.450001,22.450001,22.450001,21.460392,100.0
1142,2020-07-31,21.25,22.030001,21.25,22.030001,21.058907,400.0
1143,2020-08-03,22.27,22.27,21.33,22.139999,21.164057,300.0
1144,2020-08-04,22.290001,22.290001,22.290001,22.290001,21.307446,100.0
1145,2020-08-05,21.459999,21.959999,21.459999,21.959999,20.991989,200.0
1146,2020-08-06,21.98,21.98,21.98,21.98,21.01111,100.0
1147,2020-08-07,21.049999,21.049999,21.049999,21.049999,20.122107,200.0
1148,2020-08-10,21.700001,21.940001,21.700001,21.940001,20.972872,200.0
1149,2020-08-11,21.26,21.809999,21.26,21.809999,20.848602,200.0
1150,2020-08-12,21.950001,21.950001,21.25,21.709999,20.753012,800.0
1151,2020-08-13,21.709999,21.73,21.5,21.73,20.772129,500.0
1152,2020-08-14,21.98,21.98,20.809999,21.49,20.542709,1800.0
1153,2020-08-17,20.450001,20.690001,20.440001,20.690001,19.777975,300.0
1154,2020-08-18,20.690001,20.690001,20.690001,20.690001,19.777975,100.0
1155,2020-08-19,20.059999,20.9,20.049999,20.9,19.978718,900.0
1156,2020-08-20,21.09,21.09,21.09,21.09,20.160341,100.0
1157,2020-08-21,21.09,21.09,21.09,21.09,20.160341,100.0
1158,2020-08-24,21.35,21.35,21.35,21.35,20.408882,100.0
1159,2020-08-25,21.35,21.35,21.35,21.35,20.408882,100.0
1160,2020-08-26,20.780001,21.549999,20.780001,21.549999,20.600063,600.0
1161,2020-08-27,20.799999,20.950001,20.74,20.950001,20.026514,600.0
1162,2020-08-28,20.950001,21.1,20.799999,21.1,20.169901,700.0
1163,2020-08-31,21.1,21.299999,21.1,21.299999,20.361084,200.0
1164,2020-09-01,21.0,21.0,19.959999,20.450001,19.548553,23000.0
1165,2020-09-02,20.700001,20.700001,20.700001,20.700001,19.787535,200.0
1166,2020-09-03,20.469999,20.469999,20.02,20.4,19.500757,900.0
1167,2020-09-04,20.01,20.379999,20.01,20.190001,19.300016,700.0
1168,2020-09-08,20.6,20.6,20.6,20.6,19.691942,100.0
1169,2020-09-09,20.5,20.6,20.5,20.6,19.691942,400.0
1170,2020-09-10,20.700001,20.799999,19.6,19.6,18.736021,16800.0
1171,2020-09-11,20.1,20.200001,20.1,20.200001,19.309576,200.0
1172,2020-09-14,20.200001,20.200001,20.200001,20.200001,19.309576,0.0
1173,2020-09-15,19.99,20.0,19.99,20.0,19.118389,6000.0
1174,2020-09-16,20.200001,20.200001,20.0,20.0,19.118389,200.0
1175,2020-09-17,20.190001,20.299999,19.85,19.85,18.975002,400.0
1176,2020-09-18,20.200001,20.200001,19.0,19.99,19.108829,4900.0
1177,2020-09-21,19.99,19.99,19.99,19.99,19.108829,300.0
1178,2020-09-22,19.99,19.99,19.99,19.99,19.108829,0.0
1179,2020-09-23,19.99,19.99,19.99,19.99,19.108829,0.0
1180,2020-09-24,19.99,20.200001,19.99,20.0,19.118389,300.0
1181,2020-09-25,20.200001,20.200001,20.200001,20.200001,19.309576,100.0
1182,2020-09-28,20.200001,20.200001,20.200001,20.200001,19.309576,0.0
1183,2020-09-29,19.99,19.99,19.99,19.99,19.108829,100.0
1184,2020-09-30,20.200001,20.200001,20.200001,20.200001,19.309576,200.0
1185,2020-10-01,20.299999,20.5,18.99,19.0,18.16247,34200.0
1186,2020-10-02,19.309999,20.0,19.309999,19.690001,18.822054,3600.0
1187,2020-10-05,19.99,19.99,19.99,19.99,19.108829,300.0
1188,2020-10-06,19.99,20.0,19.5,19.5,18.64043,14500.0
1189,2020-10-07,19.889999,19.98,19.709999,19.950001,19.070593,1800.0
1190,2020-10-08,20.200001,20.200001,19.51,20.139999,19.252218,22300.0
1191,2020-10-09,20.49,20.49,20.0,20.299999,19.405165,26500.0
1192,2020-10-13,20.299999,20.5,20.27,20.49,19.58679,3000.0
1193,2020-10-14,20.49,20.99,20.01,20.99,20.064751,6500.0
1194,2020-10-15,20.030001,21.0,20.02,21.0,20.074308,2700.0
1195,2020-10-16,20.99,21.49,20.99,21.49,20.542709,1500.0
1196,2020-10-19,21.299999,21.299999,20.51,20.9,19.978718,2200.0
1197,2020-10-20,20.9,21.48,20.6,20.6,19.691942,135700.0
1198,2020-10-21,20.99,21.0,20.9,20.969999,20.045631,3400.0
1199,2020-10-22,21.49,21.49,21.01,21.360001,20.418442,3700.0
1200,2020-10-23,21.360001,21.469999,21.360001,21.469999,20.52359,200.0
1201,2020-10-26,21.469999,21.469999,21.469999,21.469999,20.52359,0.0
1202,2020-10-27,21.389999,21.4,21.389999,21.4,20.456678,200.0
1203,2020-10-28,21.0,21.0,20.01,20.799999,19.883123,3800.0
1204,2020-10-29,20.99,20.99,20.51,20.969999,20.045631,1000.0
1205,2020-10-30,21.200001,21.49,19.629999,20.49,19.58679,6400.0
1206,2020-11-03,20.99,20.99,20.4,20.67,19.758856,5500.0
1207,2020-11-04,20.99,21.4,20.4,21.4,20.456678,8700.0
1208,2020-11-05,21.5,22.5,21.5,22.5,21.50819,5000.0
1209,2020-11-06,22.99,22.99,22.5,22.99,21.976589,12400.0
1210,2020-11-09,23.49,23.99,22.99,23.49,22.454548,9300.0
1211,2020-11-10,23.49,23.799999,23.0,23.469999,22.435427,4000.0
1212,2020-11-11,23.799999,23.98,23.299999,23.98,22.922949,5800.0
1213,2020-11-12,24.0,24.49,23.700001,24.389999,23.314877,2700.0
1214,2020-11-13,24.48,24.99,24.389999,24.99,23.888426,18800.0
1215,2020-11-16,24.99,24.99,23.51,24.969999,23.869308,3500.0
1216,2020-11-17,24.98,24.98,24.5,24.98,23.878868,1500.0
1217,2020-11-18,24.9,24.98,24.9,24.98,23.878868,500.0
1218,2020-11-19,24.99,25.01,24.950001,24.950001,23.850193,11500.0
1219,2020-11-23,24.950001,24.950001,24.950001,24.950001,23.850193,0.0
1220,2020-11-24,24.700001,24.700001,24.41,24.41,23.333994,7900.0
1221,2020-11-25,24.41,25.200001,24.0,24.4,23.324434,28500.0
1222,2020-11-26,24.43,24.43,24.43,24.43,23.353113,100.0
1223,2020-11-27,24.200001,24.9,24.200001,24.799999,23.706802,25800.0
1224,2020-11-30,24.99,24.99,24.969999,24.969999,23.869308,2000.0
1225,2020-12-01,25.200001,26.040001,25.200001,26.040001,24.892143,1700.0
1226,2020-12-02,26.49,26.49,25.709999,26.450001,25.284071,2700.0
1227,2020-12-03,26.49,26.49,26.01,26.48,25.312748,3800.0
1228,2020-12-04,26.5,26.799999,26.5,26.700001,25.52305,5100.0
1229,2020-12-07,26.889999,26.889999,26.309999,26.799999,25.618641,1100.0
1230,2020-12-08,26.969999,26.969999,26.309999,26.959999,25.771587,500.0
1231,2020-12-09,26.969999,26.99,26.969999,26.99,25.800266,500.0
1232,2020-12-10,27.0,27.0,27.0,27.0,25.809826,100.0
1233,2020-12-11,27.48,27.5,27.42,27.5,26.287786,400.0
1234,2020-12-14,28.200001,28.99,28.200001,28.49,27.234146,900.0
1235,2020-12-15,28.49,29.0,28.01,29.0,27.721664,2600.0
1236,2020-12-16,28.0,31.0,28.0,30.959999,29.595266,5100.0
1237,2020-12-17,31.5,31.5,31.01,31.5,30.111464,3500.0
1238,2020-12-18,31.75,32.0,31.01,32.0,30.589422,4100.0
1239,2020-12-21,31.9,32.490002,31.5,32.490002,31.057823,1000.0
1240,2020-12-22,32.5,32.990002,32.5,32.900002,31.449753,1900.0
1241,2020-12-23,32.5,32.990002,32.5,32.799999,31.354158,1800.0
1242,2020-12-28,32.990002,33.75,32.75,33.75,32.26228,2900.0
1243,2020-12-29,33.599998,33.799999,33.509998,33.799999,32.310078,5800.0
1244,2020-12-30,33.990002,34.490002,33.970001,34.490002,32.969662,2700.0
1245,2021-01-04,34.490002,35.419998,32.700001,35.389999,33.829994,3000.0
1246,2021-01-05,35.400002,37.48,33.509998,37.48,35.827862,5600.0
1247,2021-01-06,37.490002,39.959999,37.490002,39.959999,38.19854,4300.0
1248,2021-01-07,39.990002,41.740002,38.5,41.740002,39.900078,9600.0
1249,2021-01-08,41.990002,42.849998,41.0,42.849998,41.703907,1200.0
1250,2021-01-11,40.57,41.990002,40.57,41.990002,40.866909,900.0
1251,2021-01-12,42.25,42.490002,42.009998,42.400002,41.265942,1100.0
1252,2021-01-13,42.450001,42.450001,41.509998,42.400002,41.265942,800.0
1253,2021-01-14,42.450001,42.75,42.209999,42.75,41.606579,1300.0
1254,2021-01-15,42.75,44.900002,42.75,44.900002,43.699078,2500.0
1255,2021-01-18,44.900002,47.400002,44.900002,46.009998,44.779385,3300.0
1256,2021-01-19,46.490002,47.400002,45.509998,47.400002,46.13221,1700.0
1257,2021-01-20,47.490002,47.990002,47.490002,47.900002,46.618835,700.0
1258,2021-01-21,48.48,48.48,46.099998,47.700001,46.424187,4000.0
1259,2021-01-22,46.049999,46.049999,43.799999,45.849998,44.623665,2700.0
1260,2021-01-26,43.009998,45.0,42.009998,44.990002,43.786667,2400.0
1261,2021-01-27,44.889999,44.889999,43.009998,43.990002,42.813419,1200.0
1262,2021-01-28,43.5,44.189999,43.5,44.189999,43.008064,500.0
1263,2021-01-29,44.700001,45.0,44.200001,44.200001,43.017799,600.0
1264,2021-02-01,45.099998,45.099998,44.5,44.5,43.309772,200.0
1265,2021-02-02,44.0,45.0,44.0,45.0,43.796402,4900.0
1266,2021-02-03,45.98,46.0,45.330002,45.450001,44.234367,1000.0
1267,2021-02-04,45.709999,46.990002,45.52,46.990002,45.733177,1600.0
1268,2021-02-05,47.5,47.5,46.0,47.5,46.229534,2600.0
1269,2021-02-08,46.009998,46.990002,46.009998,46.700001,45.450932,2000.0
1270,2021-02-09,46.700001,46.700001,46.700001,46.700001,45.450932,0.0
1271,2021-02-10,46.009998,46.400002,44.990002,46.400002,45.158955,9100.0
1272,2021-02-11,46.400002,46.970001,46.400002,46.970001,45.713711,500.0
1273,2021-02-12,47.490002,47.939999,47.119999,47.490002,46.219803,2500.0
1274,2021-02-17,,,,,,
1275,2021-02-18,47.98,48.0,47.049999,48.0,46.716164,3300.0
1276,2021-02-19,48.98,48.990002,48.110001,48.93,47.621284,3600.0
1277,2021-02-22,48.93,48.93,48.93,48.93,47.621284,0.0
1278,2021-02-23,48.490002,48.93,48.490002,48.84,47.533691,600.0
1279,2021-02-24,48.25,48.84,48.25,48.84,47.533691,1100.0
1280,2021-02-25,49.099998,49.099998,48.98,48.98,47.669949,1100.0
1281,2021-02-26,48.029999,48.029999,47.0,47.400002,46.13221,900.0
1282,2021-03-01,45.009998,46.0,45.009998,46.0,44.769653,1600.0
1283,2021-03-02,45.5,45.5,44.0,44.490002,43.300041,3800.0
1284,2021-03-03,44.990002,44.990002,44.990002,44.990002,43.786667,100.0
1285,2021-03-04,45.990002,46.990002,45.990002,46.990002,45.733177,400.0
1286,2021-03-05,47.490002,47.990002,47.009998,47.490002,46.219803,1100.0
1287,2021-03-08,47.490002,48.200001,47.490002,48.200001,46.910812,500.0
1288,2021-03-09,47.5,47.990002,47.5,47.990002,46.706429,200.0
1289,2021-03-10,47.0,47.990002,47.0,47.990002,46.706429,400.0
1290,2021-03-11,47.990002,47.990002,47.990002,47.990002,46.706429,0.0
1291,2021-03-12,47.990002,54.0,47.990002,52.990002,51.572697,5800.0
1292,2021-03-15,53.490002,56.5,53.490002,55.5,54.015564,1100.0
1293,2021-03-16,57.490002,57.490002,57.490002,57.490002,55.952335,200.0
1294,2021-03-17,56.5,57.490002,56.490002,57.490002,55.952335,500.0
1295,2021-03-18,57.990002,58.200001,56.099998,57.68,56.137253,1500.0
1296,2021-03-19,57.759998,57.759998,54.099998,56.0,54.502186,1200.0
1297,2021-03-22,54.0,56.599998,54.0,56.599998,55.08614,500.0
1298,2021-03-23,56.68,56.990002,56.68,56.959999,55.436508,400.0
1299,2021-03-24,56.959999,56.959999,56.959999,56.959999,55.436508,600.0
1300,2021-03-25,57.5,57.5,57.0,57.0,55.475441,1300.0
1301,2021-03-26,57.990002,59.450001,57.990002,58.990002,57.412216,2000.0
1302,2021-03-29,59.700001,59.75,59.700001,59.75,58.151886,1200.0
1303,2021-03-30,59.75,59.75,59.0,59.0,57.421944,1300.0
1304,2021-03-31,59.970001,59.970001,58.509998,58.509998,56.945049,1000.0
1305,2021-04-01,59.490002,59.490002,58.509998,58.509998,56.945049,400.0
1306,2021-04-05,58.5,58.990002,58.5,58.990002,57.412216,400.0
1307,2021-04-06,57.509998,57.509998,57.02,57.049999,55.524101,1600.0
1308,2021-04-07,54.959999,54.959999,54.959999,54.959999,53.490002,500.0
1309,2021-04-08,55.299999,56.490002,55.299999,56.490002,54.979084,1300.0
1310,2021-04-09,57.490002,59.700001,56.5,56.5,54.988815,9600.0
1311,2021-04-12,57.490002,57.939999,55.509998,56.990002,55.46571,1200.0
1312,2021-04-13,57.470001,57.470001,57.02,57.450001,55.913406,1100.0
1313,2021-04-14,57.099998,57.98,56.900002,57.98,56.42923,1400.0
1314,2021-04-15,58.490002,58.990002,58.0,58.0,56.448696,1100.0
1315,2021-04-16,58.490002,59.490002,58.200001,59.490002,57.898842,400.0
1316,2021-04-19,59.959999,59.959999,59.959999,59.959999,58.35627,100.0
1317,2021-04-20,59.900002,59.900002,59.900002,59.900002,58.297878,100.0
1318,2021-04-22,59.869999,59.869999,59.869999,59.869999,58.268677,900.0
1319,2021-04-23,59.959999,59.959999,59.959999,59.959999,58.35627,100.0
1320,2021-04-26,59.900002,59.900002,59.889999,59.889999,58.288143,200.0
1321,2021-04-27,59.889999,59.889999,59.889999,59.889999,58.288143,0.0
1322,2021-04-28,59.009998,60.0,58.5,59.0,57.421944,7600.0
1323,2021-04-29,59.900002,59.990002,59.900002,59.990002,58.385468,800.0
1324,2021-04-30,59.509998,60.0,59.009998,60.0,58.395203,900.0
1325,2021-05-03,58.0,58.0,58.0,58.0,56.448696,2000.0
1326,2021-05-04,58.009998,58.009998,57.990002,57.990002,56.438965,500.0
1327,2021-05-05,59.939999,62.5,59.34,62.349998,60.682346,5800.0
1328,2021-05-06,62.990002,64.470001,62.990002,63.200001,61.509613,6300.0
1329,2021-05-07,63.990002,64.940002,63.990002,64.010002,62.297951,3600.0
1330,2021-05-10,64.489998,64.489998,64.489998,64.489998,62.765106,500.0
1331,2021-05-11,64.400002,64.940002,64.400002,64.940002,63.203075,1100.0
1332,2021-05-12,64.699997,64.940002,64.510002,64.940002,63.203075,1900.0
1333,2021-05-13,64.519997,64.970001,64.5,64.970001,63.232273,3800.0
1334,2021-05-14,64.970001,69.0,64.970001,67.959999,66.142296,53600.0
1335,2021-05-17,69.860001,69.959999,68.0,68.449997,66.619186,6800.0
1336,2021-05-18,68.449997,68.980003,66.510002,67.900002,66.0839,23600.0
1337,2021-05-19,67.879997,68.489998,66.989998,67.489998,65.684868,3100.0
1338,2021-05-20,67.489998,67.75,67.010002,67.480003,65.67514,2500.0
1339,2021-05-21,66.709999,67.989998,66.699997,67.989998,66.171494,3400.0
1340,2021-05-24,67.75,67.970001,66.980003,66.980003,65.188515,7000.0
1341,2021-05-25,67.489998,67.940002,66.599998,66.980003,65.188515,9400.0
1342,2021-05-26,67.389999,67.389999,66.5,66.889999,65.100914,4300.0
1343,2021-05-27,67.489998,67.949997,67.0,67.949997,66.132561,1600.0
1344,2021-05-28,67.099998,67.93,66.510002,66.510002,64.731079,8000.0
1345,2021-05-31,66.989998,67.900002,66.510002,67.900002,66.0839,2000.0
1346,2021-06-01,67.889999,69.989998,66.400002,66.510002,65.081596,30400.0
1347,2021-06-02,66.989998,68.0,66.010002,68.0,66.539589,18800.0
1348,2021-06-04,68.989998,73.800003,68.989998,73.800003,72.215027,4700.0
1349,2021-06-07,74.790001,79.5,74.790001,79.5,77.79261,4300.0
1350,2021-06-08,80.0,85.0,80.0,82.989998,81.207657,5100.0
1351,2021-06-09,83.5,83.980003,82.980003,83.5,81.706711,2900.0
1352,2021-06-10,84.019997,84.489998,83.989998,84.489998,82.675438,1200.0
1353,2021-06-11,83.5,85.989998,83.5,85.989998,84.143227,1000.0
1354,2021-06-14,86.5,86.5,84.5,85.980003,84.49855,1900.0
1355,2021-06-15,89.0,89.870003,89.0,89.699997,88.154449,600.0
1356,2021-06-16,89.0,89.989998,88.5,89.989998,88.439453,300.0
1357,2021-06-17,94.0,94.0,88.5,88.5,86.975128,1300.0
1358,2021-06-18,86.0,87.0,86.0,87.0,85.500969,400.0
1359,2021-06-21,83.010002,85.989998,82.010002,85.889999,84.410095,3300.0
1360,2021-06-22,88.0,88.0,86.010002,87.690002,86.179085,1400.0
1361,2021-06-23,87.690002,87.690002,87.690002,87.690002,86.179085,0.0
1362,2021-06-24,87.5,87.5,87.5,87.5,85.992355,200.0
1363,2021-06-25,88.5,90.0,88.5,90.0,88.44928,400.0
1364,2021-06-28,88.010002,89.989998,87.010002,89.989998,88.439453,400.0
1365,2021-06-29,88.010002,89.989998,88.010002,89.0,87.466515,700.0
1366,2021-06-30,91.989998,94.470001,91.989998,92.510002,90.916039,1100.0
1367,2021-07-01,92.5,97.0,92.5,97.0,95.328667,2300.0
1368,2021-07-02,98.0,98.0,96.0,96.510002,94.847115,900.0
1369,2021-07-05,94.010002,95.989998,93.510002,94.599998,92.970024,800.0
1370,2021-07-06,97.989998,97.989998,91.040001,95.989998,94.336067,2900.0
1371,2021-07-07,96.300003,96.300003,91.019997,95.989998,94.336067,1300.0
1372,2021-07-08,93.010002,96.389999,93.010002,96.389999,94.729179,300.0
1373,2021-07-12,98.0,98.989998,98.0,98.989998,97.284378,200.0
1374,2021-07-13,97.800003,100.0,97.800003,100.0,98.276978,1900.0
1375,2021-07-14,101.989998,102.0,101.980003,101.980003,101.980003,500.0
1376,2021-07-15,104.0,106.0,104.0,106.0,106.0,900.0
1377,2021-07-16,107.269997,108.0,102.0,108.0,108.0,2400.0
1378,2021-07-19,102.0,107.489998,102.0,107.0,107.0,700.0
1379,2021-07-20,107.0,107.0,107.0,107.0,107.0,0.0
1380,2021-07-21,108.0,108.0,108.0,108.0,108.0,300.0
1381,2021-07-22,109.0,109.0,106.07,106.07,106.07,200.0
1382,2021-07-23,108.0,109.0,106.839996,106.839996,106.839996,500.0
1383,2021-07-26,109.970001,109.970001,108.970001,108.970001,108.970001,600.0
1384,2021-07-27,108.970001,108.970001,108.970001,108.970001,108.970001,100.0
1385,2021-07-28,108.970001,108.970001,108.970001,108.970001,108.970001,0.0
1386,2021-07-29,101.0,105.970001,101.0,105.970001,105.970001,3100.0
1387,2021-07-30,105.989998,106.0,105.989998,106.0,106.0,1200.0
1388,2021-08-02,104.0,105.949997,102.019997,105.949997,105.949997,1500.0
1389,2021-08-03,104.900002,108.959999,104.900002,108.959999,108.959999,2600.0
1390,2021-08-04,107.010002,108.879997,106.010002,108.870003,108.870003,1000.0
1391,2021-08-05,109.0,109.489998,109.0,109.489998,109.489998,600.0
1392,2021-08-06,109.989998,109.989998,109.980003,109.980003,109.980003,300.0
1393,2021-08-09,109.980003,110.470001,109.980003,110.470001,110.470001,300.0
1394,2021-08-10,110.400002,116.800003,110.400002,116.800003,116.800003,3300.0
1395,2021-08-11,119.970001,119.970001,119.949997,119.949997,119.949997,400.0
1396,2021-08-12,118.010002,119.489998,117.0,119.489998,119.489998,800.0
1397,2021-08-13,119.489998,119.489998,115.849998,115.849998,115.849998,500.0
1398,2021-08-16,113.010002,113.010002,110.0,110.0,110.0,900.0
1399,2021-08-17,100.010002,100.019997,92.010002,96.989998,96.989998,17000.0
1400,2021-08-18,93.010002,96.989998,92.0,96.989998,96.989998,2500.0
1401,2021-08-19,90.0,98.0,90.0,97.989998,97.989998,2200.0
1402,2021-08-20,98.900002,98.980003,98.900002,98.980003,98.980003,1100.0
1403,2021-08-23,100.0,100.0,97.010002,99.860001,99.860001,5400.0
1404,2021-08-24,102.0,102.0,101.889999,101.889999,101.889999,1000.0
1405,2021-08-25,102.980003,104.989998,102.860001,103.800003,103.800003,2900.0
1406,2021-08-26,104.989998,106.489998,104.989998,106.470001,106.470001,1300.0
1407,2021-08-27,106.470001,106.470001,106.470001,106.470001,106.470001,0.0
1408,2021-08-30,107.010002,107.010002,107.010002,107.010002,107.010002,100.0
1409,2021-08-31,107.010002,109.989998,107.010002,107.5,107.5,2100.0
1410,2021-09-01,102.010002,104.989998,102.010002,104.989998,104.989998,800.0
1411,2021-09-02,103.970001,103.970001,103.970001,103.970001,103.970001,300.0
1412,2021-09-03,101.0,101.0,101.0,101.0,101.0,300.0
1413,2021-09-06,104.489998,104.489998,104.489998,104.489998,104.489998,100.0
1414,2021-09-08,96.989998,99.989998,94.0,96.0,96.0,1900.0
1415,2021-09-09,90.010002,93.989998,88.0,93.989998,93.989998,600.0
1416,2021-09-10,93.989998,93.989998,93.989998,93.989998,93.989998,0.0
1417,2021-09-13,92.010002,94.0,92.010002,94.0,94.0,300.0
1418,2021-09-14,92.050003,94.0,92.050003,94.0,94.0,400.0
1419,2021-09-15,94.0,94.0,94.0,94.0,94.0,0.0
1420,2021-09-16,90.010002,91.989998,87.099998,91.989998,91.989998,900.0
1421,2021-09-17,88.010002,93.980003,88.010002,93.980003,93.980003,600.0
1422,2021-09-20,93.989998,94.0,88.010002,93.989998,93.989998,800.0
1423,2021-09-21,93.989998,93.989998,93.989998,93.989998,93.989998,0.0
1424,2021-09-22,93.989998,93.989998,93.989998,93.989998,93.989998,0.0
1425,2021-09-23,93.989998,93.989998,93.989998,93.989998,93.989998,0.0
1426,2021-09-24,90.010002,93.989998,90.010002,93.989998,93.989998,300.0
1427,2021-09-27,94.989998,94.989998,94.989998,94.989998,94.989998,100.0
1428,2021-09-28,94.989998,94.989998,94.989998,94.989998,94.989998,0.0
1429,2021-09-29,94.970001,94.970001,94.970001,94.970001,94.970001,200.0
1430,2021-09-30,89.0,89.0,81.010002,86.0,86.0,10300.0
1431,2021-10-01,82.0,86.0,82.0,85.980003,85.980003,600.0
1432,2021-10-04,85.800003,85.800003,83.019997,83.019997,83.019997,200.0
1433,2021-10-05,83.019997,83.019997,83.019997,83.019997,83.019997,0.0
1434,2021-10-06,83.019997,83.019997,83.019997,83.019997,83.019997,0.0
1435,2021-10-07,85.989998,86.0,85.5,85.5,85.5,400.0
1436,2021-10-08,85.080002,89.970001,85.080002,85.510002,85.510002,400.0
1437,2021-10-11,95.300003,95.300003,95.300003,95.300003,95.300003,300.0
1438,2021-10-13,97.010002,98.5,97.010002,98.5,98.5,400.0
1439,2021-10-14,99.0,99.0,99.0,99.0,99.0,100.0
1440,2021-10-15,98.019997,107.489998,98.019997,107.489998,107.489998,700.0
1441,2021-10-18,114.900002,114.900002,111.0,111.0,111.0,200.0
1442,2021-10-19,113.010002,113.010002,108.010002,108.010002,108.010002,600.0
1443,2021-10-20,109.0,111.0,109.0,111.0,111.0,1700.0
1444,2021-10-21,108.0,110.900002,106.0,107.0,107.0,700.0
1445,2021-10-22,107.0,107.0,107.0,107.0,107.0,0.0
